CustomerID,Actual_Churn,Logistic Regression_Pred,Logistic Regression_Prob,Decision Tree_Pred,Decision Tree_Prob,Random Forest_Pred,Random Forest_Prob,Gradient Boosting_Pred,Gradient Boosting_Prob,XGBoost_Pred,XGBoost_Prob
4376-KFVRS,0,0,0.11059155538950882,0,0.0,0,0.0,0,0.02281372332103066,0,0.0025385658
2754-SDJRD,0,1,0.8506304773550127,1,0.8961053540356392,1,0.9,1,0.8360200589423455,1,0.99519145
9917-KWRBE,0,0,0.14865609657108086,0,0.09828552431610921,0,0.135,0,0.05314282978951445,0,0.11660611
0365-GXEZS,0,1,0.591146514166817,1,0.7523359432701114,0,0.355,0,0.3566351559673461,0,0.3829304
9385-NXKDA,0,0,0.0747796110192642,0,0.0,0,0.02,0,0.017241649257094854,0,0.0005218079
4686-UXDML,0,1,0.7775026761705067,1,0.620548520915427,1,0.55,1,0.600391149501372,1,0.55185586
2227-JRSJX,0,1,0.6543789381929915,1,0.620548520915427,0,0.485,0,0.46462902370560916,1,0.6935279
4830-FAXFM,0,0,0.24876044776868725,0,0.38958713069890827,0,0.085,0,0.10033908458683746,0,0.10264607
1830-IPXVJ,0,0,0.01581752182953772,0,0.03470743119727614,0,0.03,0,0.01589469505204929,0,0.004581271
4690-LLKUA,1,1,0.5509206224391102,0,0.38958713069890827,1,0.58,0,0.3268126840859127,1,0.82578826
5804-HYIEZ,0,1,0.5474539388136186,1,0.5356541995599842,0,0.295,0,0.339581340479923,0,0.40552408
2388-LAESQ,0,0,0.14629038695955346,0,0.0,0,0.0,0,0.02759676033638225,0,0.0016988412
5533-RJFTJ,0,0,0.3930606713334536,1,0.5756590058215597,0,0.25,0,0.163510241412929,0,0.303962
4706-AXVKM,1,1,0.8389916154208905,1,0.8961053540356392,1,0.79,1,0.5754402018289738,1,0.82920945
0997-YTLNY,0,0,0.2243516421941844,0,0.38958713069890827,0,0.195,0,0.09380678740989691,0,0.11692029
7971-HLVXI,0,0,0.1675456899481669,0,0.03470743119727614,0,0.085,0,0.04171030894751026,0,0.009107817
7337-CINUD,0,0,0.049483292122092286,0,0.03470743119727614,0,0.04,0,0.025247457196271937,0,0.0011284332
1379-FRVEB,0,1,0.7780219499229487,1,0.7523359432701114,1,0.76,1,0.6994483419799704,1,0.8037229
4753-PADAS,0,0,0.4241723504266489,1,0.507957581876906,0,0.33,0,0.24380482211596596,0,0.38953507
5701-GUXDC,0,0,0.17755468633119706,0,0.013198173492684975,0,0.09,0,0.06793118185130961,0,0.021729838
7235-NXZCP,1,1,0.9038654155283241,1,0.7647086999958926,1,0.805,1,0.735985862019052,1,0.9039037
0668-OGMHD,0,0,0.43162459279350446,1,0.5756590058215597,0,0.4,0,0.17833646015665836,0,0.168008
2812-REYAT,0,0,0.07961035062822662,0,0.013198173492684975,0,0.06,0,0.03522334135486609,0,0.0030967544
8779-YIQQA,0,0,0.0754229227705676,0,0.10692085880259697,0,0.0,0,0.030936887107056724,0,0.009133393
9701-CDXHR,0,0,0.4179979919444683,1,0.620548520915427,0,0.215,0,0.2056423658387683,0,0.045858044
7130-CTCUS,0,0,0.3515210866594371,0,0.38958713069890827,0,0.3,0,0.19653444902583664,0,0.474872
1894-IGFSG,1,1,0.74807622900602,1,0.7523359432701114,1,0.64,0,0.4483978798424556,1,0.6080733
0871-URUWO,1,1,0.8373519694344064,1,0.8961053540356392,1,0.74,1,0.7188235311104894,1,0.9121805
0057-QBUQH,0,0,0.04989088460918223,0,0.0,0,0.02,0,0.03650724403785958,0,0.0038750689
9611-CTWIH,1,1,0.9359596126551385,1,0.7647086999958926,1,0.825,1,0.6858376201827092,1,0.60309905
8058-DMYRU,0,1,0.7213685599819615,1,0.7523359432701114,1,0.65,0,0.414740710909706,1,0.7191804
5351-QESIO,0,1,0.6814379302870612,1,0.7608170990329183,0,0.31,0,0.48160393930858275,1,0.7074093
4302-ZYFEL,0,0,0.04434852852961298,0,0.013198173492684975,0,0.01,0,0.04024433621693122,0,0.00020307097
6134-KWTBV,0,0,0.025822906987173794,0,0.03470743119727614,0,0.015,0,0.01739306241956695,0,0.012317262
2034-GDRCN,1,1,0.9370091744880994,1,0.8961053540356392,1,0.895,1,0.7246884424765099,1,0.93903595
9544-PYPSJ,0,1,0.5480268195306743,0,0.38265023112480734,0,0.205,0,0.18951394994923498,0,0.08388932
4208-UFFGW,1,1,0.6582422564071408,1,0.7608170990329183,1,0.76,0,0.46657680477504426,1,0.7965013
9537-JALFH,0,0,0.013502612152334146,0,0.03470743119727614,0,0.0,0,0.02004398669580104,0,0.0006558807
4415-IJZTP,1,1,0.9199273598045737,1,0.9506405885519463,1,0.99,1,0.8472253924898033,1,0.9575049
4701-MLJPN,1,0,0.35571845649652023,0,0.18511302617198014,0,0.145,0,0.15000047830785668,0,0.1646663
7515-LODFU,0,0,0.01884681857864348,0,0.0,0,0.005,0,0.024561442313291465,0,0.00078759843
4927-WWOOZ,0,1,0.9408190712952402,1,0.8961053540356392,1,0.955,1,0.822282860144011,1,0.9590695
4067-HLYQI,0,1,0.5376286036561343,1,0.620548520915427,1,0.7,0,0.30603585190901467,1,0.67626554
6184-DYUOB,0,0,0.49766396157039927,0,0.2763432424763395,0,0.265,0,0.13443178545497558,0,0.17711148
9209-NWPGU,0,0,0.11614664765206113,0,0.2435278889150389,0,0.08,0,0.05433750540451409,0,0.056747336
9851-KIELU,1,1,0.7507569031023092,1,0.8961053540356392,1,0.75,0,0.4916265571337252,1,0.92108464
3199-XGZCY,0,1,0.8326137874431155,1,0.7647086999958926,1,0.66,1,0.7047352689175035,1,0.8194505
4226-KKDON,0,1,0.5634739009554703,0,0.38958713069890827,0,0.215,0,0.36058339916984544,0,0.29430857
1085-LDWAM,0,0,0.0431475505088659,0,0.013198173492684975,0,0.02,0,0.03835896862892873,0,0.00048276046
6825-UYPFK,1,1,0.5938733572059384,1,0.620548520915427,0,0.435,0,0.2778368135804449,0,0.3774334
1767-CJKBA,0,0,0.02357319671446574,0,0.03470743119727614,0,0.0,0,0.021147500855741772,0,0.000981682
7181-BQYBV,1,1,0.9275581469027471,1,0.9506405885519463,1,0.89,1,0.8529740546526575,1,0.9411331
0178-CIIKR,0,0,0.4016596304778923,0,0.2763432424763395,0,0.34291666666666665,0,0.1258139374125763,0,0.2849613
4256-ZWTZI,0,1,0.5596879765944031,1,0.7608170990329183,0,0.37,0,0.312521341394969,1,0.5517756
9537-VHDTA,0,0,0.47667938014653155,1,0.7608170990329183,0,0.46,0,0.3830080828999837,1,0.5882286
2754-XBHTB,1,1,0.7706188567300003,1,0.7647086999958926,1,0.655,1,0.5287107087931658,1,0.62944484
5975-BAICR,0,0,0.15302225096092223,0,0.21969408788117387,0,0.215,0,0.08124599752904751,0,0.03572507
3301-VKTGC,0,0,0.1846960669662754,0,0.09828552431610921,0,0.055,0,0.07615537724736758,0,0.07174389
2877-VDUER,0,0,0.16720094352755552,0,0.013198173492684975,0,0.165,0,0.05991629718220996,0,0.02374035
7717-BICXI,0,0,0.016511983303976435,0,0.03470743119727614,0,0.0,0,0.016482162689925656,0,0.0014182302
0562-FGDCR,0,0,0.02386236215468958,0,0.0,0,0.01,0,0.011898814415167026,0,0.0003930501
3705-PSNGL,1,0,0.10053171270208502,0,0.2435278889150389,0,0.005,0,0.05000885667961194,0,0.0018843622
0048-LUMLS,0,0,0.3670044094793942,0,0.1609897315078234,0,0.215,0,0.18808998082874703,0,0.07943352
6497-TILVL,0,0,0.2989603388610174,0,0.38958713069890827,0,0.2,0,0.14084438944181923,0,0.2825479
2108-YKQTY,1,1,0.5636008296706523,1,0.7608170990329183,0,0.445,0,0.287217875317994,0,0.46998173
3658-KIBGF,1,1,0.6699721111047265,1,0.7608170990329183,1,0.685,1,0.5459111606479857,1,0.68996936
5482-NUPNA,1,0,0.49641794232923686,1,0.5093735898592938,0,0.355,0,0.2411552869578596,1,0.7155292
7410-KTVFV,1,0,0.4266328240354562,0,0.38958713069890827,0,0.11,0,0.14811775337087438,0,0.23361473
9033-EOXWV,1,0,0.3765984525157868,0,0.1609897315078234,0,0.3,0,0.13024917116724513,0,0.14695385
8821-XNHVZ,1,1,0.8664385501989373,1,0.9506405885519463,1,0.795,1,0.8357925620351223,1,0.9069681
8224-KDLKN,0,0,0.017228801141182522,0,0.03470743119727614,0,0.0,0,0.010605937665175884,0,0.00023240614
4825-FUREZ,0,0,0.03554718006226436,0,0.0,0,0.005,0,0.03018792287144251,0,0.008192059
7534-BFESC,1,1,0.7792760363055441,1,0.7523359432701114,1,0.53,1,0.5521565009912891,0,0.1868584
9138-EFSMO,0,0,0.3590723133544939,0,0.1609897315078234,0,0.21,0,0.1894376138849372,0,0.14028719
4227-OJHAL,0,0,0.11016939781908755,0,0.09828552431610921,0,0.16,0,0.04790717901636884,0,0.102070265
7279-NMVJC,0,0,0.09263521654194594,0,0.10692085880259697,0,0.105,0,0.031820372495119244,0,0.0075998
8591-TKMZH,0,0,0.13871174088100116,0,0.07330334372343442,0,0.175,0,0.058076984372909084,0,0.011241417
9283-LZQOH,1,1,0.6937663652601356,1,0.7647086999958926,1,0.515,0,0.43179353437470613,0,0.29394138
3594-IVHJZ,0,0,0.49180376899880784,0,0.2763432424763395,0,0.0675,0,0.157608199172808,0,0.04680215
1945-XISKS,0,0,0.01713046409563423,0,0.03470743119727614,0,0.01,0,0.019638060181316357,0,0.00028244956
4359-INNWN,0,0,0.09343286789407909,0,0.10692085880259697,0,0.035,0,0.03809349862579262,0,0.009792634
7649-SIJJF,0,0,0.04427054910918845,0,0.0,0,0.005,0,0.018084074738148655,0,0.0010938576
9254-RBFON,1,0,0.4124981908838008,0,0.1609897315078234,0,0.435,0,0.2635768633766684,0,0.060053203
0970-ETWGE,1,1,0.9410748633968519,1,0.9506405885519463,1,0.66,1,0.8878891070005202,1,0.94089526
7762-ONLJY,0,0,0.2029164762762,0,0.10692085880259697,0,0.135,0,0.04592316147557492,0,0.057360355
6710-HSJRD,0,1,0.6572194641733696,1,0.5356541995599842,0,0.265,0,0.3265838168752836,0,0.100117326
8873-GLDMH,0,1,0.876124212915657,1,0.7647086999958926,1,0.8633333333333333,1,0.6014882867831793,1,0.68578506
9907-SWKKF,1,1,0.7492507782957095,1,0.7608170990329183,1,0.88,1,0.6544147452684178,1,0.9100135
4658-HCOHW,1,1,0.7044070663029113,1,0.7523359432701114,1,0.545,1,0.5258732822127657,0,0.17821102
9330-VOFSZ,0,0,0.21444024853709656,0,0.07330334372343442,0,0.145,0,0.07312855419618042,0,0.055824984
2860-RANUS,1,1,0.7822351885508723,1,0.620548520915427,1,0.74,0,0.4730169305070465,1,0.6892569
6234-PFPXL,0,1,0.5334378178830781,1,0.620548520915427,0,0.445,0,0.35232480237475317,0,0.3386845
7205-BAIAD,0,0,0.03340837397171183,0,0.03470743119727614,0,0.0,0,0.02328587511963436,0,0.0010925402
3858-VOBET,1,1,0.7580581183405969,1,0.7523359432701114,0,0.48,1,0.5037977974964324,1,0.7407802
5103-MHMHY,1,1,0.5661346327324355,1,0.7608170990329183,1,0.58,1,0.5093537434990425,1,0.76630765
6119-SPUDB,0,0,0.04176699574786146,0,0.03470743119727614,0,0.025,0,0.030240236378085244,0,0.0013047223
9389-ACWBI,0,1,0.7562153656824211,1,0.7647086999958926,1,0.575,1,0.5019208688037842,1,0.7929408
3454-JFUBC,0,0,0.027135564820780438,0,0.0,0,0.005,0,0.024968532688725103,0,0.00030496434
1768-ZAIFU,1,1,0.8592733654028806,1,0.7608170990329183,1,0.95,1,0.7833204246485265,1,0.9613553
7017-VFULY,0,0,0.4147398496799925,0,0.2763432424763395,0,0.125,0,0.1194166888824848,0,0.12326784
9221-OTIVJ,1,1,0.8761395864841344,1,0.7523359432701114,1,0.63,1,0.7359024435158018,0,0.44512895
2482-CZGBB,1,1,0.7838030111310355,1,0.7647086999958926,1,0.605,1,0.6013888101887775,1,0.6785022
7018-WBJNK,0,1,0.6847394174808258,1,0.7647086999958926,0,0.455,0,0.4051091578974699,0,0.24018382
3331-HQDTW,1,1,0.6393263330288664,1,0.620548520915427,0,0.4,0,0.36097132497470347,0,0.0331888
4695-VADHF,1,0,0.46249542420804696,0,0.38958713069890827,0,0.445,0,0.19764111216497687,1,0.5755134
4086-WITJG,0,0,0.013051128870663767,0,0.03470743119727614,0,0.01,0,0.01462307961072819,0,0.00013351903
6297-NOOPG,0,0,0.24095311507026804,0,0.07330334372343442,0,0.1,0,0.13774429445211941,0,0.031541433
8777-PVYGU,0,0,0.1537981007337556,0,0.013198173492684975,0,0.055,0,0.055619034685102965,0,0.011879623
4378-MYPGO,0,0,0.1144905164106714,1,0.9432185043108359,0,0.105,0,0.09966993794537063,0,0.04645597
9313-CDOGY,0,0,0.1388267137177602,0,0.18511302617198014,0,0.115,0,0.08152101080087634,0,0.017409787
4121-AGSIN,0,0,0.073864275093372,0,0.013198173492684975,0,0.015,0,0.04115295403817987,0,0.0032267252
0432-CAJZV,0,1,0.8789784192858161,1,0.7647086999958926,1,0.695,1,0.5769428183124754,1,0.8241745
9097-ZUBYC,0,0,0.29825888168748055,0,0.38958713069890827,0,0.285,0,0.13131747408531544,0,0.45094427
9638-JIQYA,0,1,0.784604027582457,1,0.7608170990329183,1,0.7,1,0.5157967074541103,1,0.52477235
1024-GUALD,1,1,0.8448928706121985,1,0.7608170990329183,1,0.665,1,0.7369828967186592,1,0.6413922
8024-XNAFQ,0,0,0.10680819453755953,0,0.0,0,0.09,0,0.03719032171406529,0,0.003527774
7587-RZNME,1,1,0.769722093811228,1,0.7608170990329183,1,0.78,1,0.5035939043698759,1,0.8140513
1346-UFHAX,0,1,0.6467760230467889,1,0.7647086999958926,0,0.315,0,0.38188119798660286,0,0.45499915
6374-NTQLP,0,0,0.10846164421340325,0,0.13659389799184862,0,0.07,0,0.03059294254359555,0,0.009593128
6625-FLENO,0,0,0.021276385623128658,0,0.03470743119727614,0,0.0,0,0.018811480707809723,0,0.003691355
7375-WMVMT,0,0,0.12321100906431254,0,0.0,0,0.07,0,0.03515735701971836,0,0.004756182
6910-HADCM,1,1,0.854268124555922,1,0.9506405885519463,1,0.8,1,0.8120429745223763,1,0.9593653
7401-JIXNM,0,0,0.04737829084985503,0,0.0,0,0.015,0,0.025616757278188025,0,0.0060381107
7338-ERIVA,0,0,0.11308160020483389,0,0.013198173492684975,0,0.07,0,0.058893705278866955,0,0.018246662
5376-DEQCP,1,1,0.8923410229099659,1,0.9506405885519463,1,0.9,1,0.8261948907799352,1,0.9175445
0909-SELIE,0,0,0.05386962081322446,0,0.0,0,0.02,0,0.02071234574750862,0,0.013536294
5419-KLXBN,1,1,0.5800388640716397,1,0.620548520915427,0,0.465,0,0.31867458256277686,1,0.6945692
0365-TRTPY,0,0,0.38418859851082277,1,0.620548520915427,0,0.39,0,0.20980509889809137,0,0.11645627
6712-OAWRH,1,1,0.8095070955623871,1,0.7523359432701114,1,0.59,1,0.5100802402611561,1,0.84602666
2428-ZMCTB,0,0,0.23353974666484306,0,0.38958713069890827,0,0.085,0,0.0810523366612782,0,0.08032826
1963-VAUKV,1,0,0.411599045270504,1,0.6222308228686201,0,0.09527777777777778,0,0.3158231411249595,0,0.1976375
9381-NDKME,1,1,0.610903817260786,1,0.5756590058215597,0,0.41,0,0.23872705697972388,1,0.5361909
3729-OWRVL,0,0,0.2500219479344918,1,0.5805863374947398,0,0.305,0,0.1311775002768906,0,0.038674366
0895-LMRSF,0,0,0.3596541509553076,0,0.4547152399367194,0,0.39,0,0.11647404719877119,0,0.16114837
2676-SSLTO,0,0,0.10205914554442537,0,0.03470743119727614,0,0.1,0,0.0344253223020339,0,0.01223565
8495-PRWFH,0,0,0.38904710092192224,0,0.18511302617198014,0,0.285,0,0.200210952287132,0,0.20962712
9030-QGZNL,0,0,0.058171907238031326,0,0.03470743119727614,0,0.04,0,0.024981748579614355,0,0.003275141
9972-NKTFD,0,0,0.193168046529965,0,0.18511302617198014,0,0.085,0,0.09428201281922202,0,0.058973275
7998-WNZEM,0,0,0.030117259316761895,0,0.0,0,0.01,0,0.018390873525484335,0,0.0011816613
0979-PHULV,1,1,0.5900355987469464,0,0.38265023112480734,0,0.485,0,0.4831717750653483,1,0.83931035
6445-TNRXS,0,0,0.117570426616627,0,0.07330334372343442,0,0.085,0,0.05951396096467516,0,0.055286452
9586-JGQKH,0,0,0.1979589538324252,1,0.9432185043108359,0,0.21,0,0.33273419470729393,0,0.018079162
3966-HRMZA,0,1,0.8196691704082731,1,0.7647086999958926,1,0.6008333333333333,1,0.6076614100269293,1,0.8331623
5498-IBWPI,0,0,0.07783466935524183,0,0.013198173492684975,0,0.07,0,0.04286216598638171,0,0.0033365788
6823-SIDFQ,0,0,0.07529165674898236,0,0.013198173492684975,0,0.005,0,0.017898409848729247,0,0.00012491645
2323-ARSVR,0,0,0.15055608878343596,0,0.07330334372343442,0,0.115,0,0.09777078545667939,0,0.07417622
5468-BPMMO,0,0,0.14327929319088709,0,0.18511302617198014,0,0.105,0,0.08372425464392735,0,0.015559833
0486-HECZI,1,1,0.600801905298815,1,0.7523359432701114,1,0.505,0,0.30348563055380223,0,0.4348463
2178-PMGCJ,0,1,0.6174481309312103,1,0.620548520915427,0,0.46,0,0.3493932033990158,1,0.66006625
4660-IRIBM,0,1,0.5867259623938674,1,0.620548520915427,0,0.47,0,0.31452744460693055,0,0.4119757
9674-EHPPG,0,0,0.04255465048267033,0,0.03470743119727614,0,0.075,0,0.030240236378085244,0,0.009508244
5606-AMZBO,0,1,0.7098900683528304,1,0.7647086999958926,1,0.73,0,0.4196420531799396,1,0.74714833
0665-XHDJU,0,0,0.2968004638336393,0,0.37235733349326783,0,0.26,0,0.0965925491408875,0,0.12898387
5402-HTOTQ,0,0,0.47306284651747604,0,0.38958713069890827,1,0.52,0,0.24407988102710526,1,0.53120804
8258-GSTJK,1,1,0.9286868692392461,1,0.7647086999958926,1,0.995,1,0.7606860039193526,1,0.9682538
3787-TRIAL,0,1,0.5546454371285193,0,0.36823024398923526,0,0.5,0,0.3221543650454696,1,0.5553555
6175-IRFIT,0,1,0.8439545862294032,1,0.8961053540356392,1,0.75,1,0.6347681878955184,1,0.8906286
6317-YPKDH,1,1,0.6866437729990654,1,0.7608170990329183,0,0.395,0,0.4352217099670917,1,0.50529474
5692-FPTAH,1,1,0.6969774889799101,1,0.7608170990329183,0,0.38,1,0.597085848949414,1,0.804638
5373-SFODM,1,1,0.7232625970942607,1,0.620548520915427,1,0.65,0,0.42140456050176445,1,0.5920312
0868-VJRDR,0,0,0.11707989153083467,0,0.0,0,0.11,0,0.03894060285025029,0,0.0026162309
4079-VTGLK,0,0,0.25117328527733146,0,0.0,0,0.2,0,0.07280672254806915,0,0.018159507
1166-PQLGG,0,0,0.012308900850220647,0,0.03470743119727614,0,0.005,0,0.009775467563077483,0,3.503605e-05
5296-BFCYD,0,0,0.02591659765465405,0,0.03470743119727614,0,0.0,0,0.021223915358397707,0,0.0014463313
6568-POCUI,0,0,0.20719557469334293,0,0.13659389799184862,0,0.115,0,0.06612824221457246,0,0.03780268
2839-RFSQE,1,0,0.4051969789221788,0,0.2763432424763395,0,0.3629166666666667,0,0.13936876110797966,0,0.12540449
2188-SXWVT,0,0,0.08742915682388254,0,0.09828552431610921,0,0.015,0,0.04531124540016376,0,0.025861034
8849-GYOKR,1,0,0.3255613719044702,1,0.507957581876906,0,0.295,0,0.17878705524437893,0,0.437373
3623-FQBOX,0,0,0.221529742479161,0,0.38958713069890827,0,0.115,0,0.08989544253422338,0,0.09139323
2649-HWLYB,0,0,0.040664670621702446,0,0.03470743119727614,0,0.075,0,0.026693144623006617,0,0.073283896
0599-XNYDO,0,1,0.6304411475282747,1,0.620548520915427,1,0.55,0,0.33560944387718733,0,0.17561957
2514-GINMM,1,1,0.9206721116797456,1,0.9506405885519463,1,0.995,1,0.8593658195529077,1,0.982487
8401-EMUWF,0,0,0.271922881285871,0,0.18511302617198014,0,0.06,0,0.11360001611243033,0,0.066104345
5766-ZJYBB,1,0,0.42159316869437347,1,0.6222308228686201,0,0.266625,0,0.3120075479274995,0,0.41953787
2604-IJPDU,0,1,0.5958888591359971,1,0.7523359432701114,1,0.645,0,0.45872949749159947,1,0.63871
2501-XWWTZ,0,1,0.7130544041267485,1,0.7647086999958926,0,0.485,0,0.4308537038386845,1,0.6686655
6370-ZVHDV,0,0,0.026176728435666034,0,0.03470743119727614,0,0.005,0,0.017444950523545538,0,0.00080658693
3027-YNWZU,0,0,0.024816055923759184,0,0.03470743119727614,0,0.0,0,0.017444950523545538,0,0.004603422
4526-ZJJTM,0,1,0.5939030886151327,1,0.620548520915427,0,0.445,0,0.30580129356073854,0,0.45255932
0440-QEXBZ,0,0,0.33509030257569394,0,0.18511302617198014,0,0.03,0,0.1289443124350032,0,0.037806876
0330-IVZHA,1,1,0.8482060038872208,1,0.7647086999958926,1,0.56,1,0.5131189250755522,1,0.7337338
9758-MFWGD,0,0,0.1321744536681258,0,0.09828552431610921,0,0.49,0,0.07022002993716935,1,0.5672053
4229-CZMLL,1,1,0.9139486667647678,1,0.7647086999958926,1,0.865,1,0.7146360280866041,1,0.95174134
0742-MOABM,1,1,0.5488350618420099,1,0.7608170990329183,0,0.405,0,0.2736839167390574,0,0.46675643
4277-BWBML,0,0,0.012611001678675189,0,0.03470743119727614,0,0.015,0,0.010631355565492865,0,4.120049e-05
5136-GFPMB,0,1,0.5574758543729207,0,0.38265023112480734,0,0.34,0,0.2360254835034845,0,0.26268807
7520-HQWJU,0,0,0.1586449152470254,0,0.18511302617198014,0,0.135,0,0.09463861168139444,0,0.12483342
6304-IJFSQ,1,1,0.6621853566307775,1,0.7608170990329183,1,0.505,0,0.4034611237478825,1,0.7186126
0297-RBCSG,0,0,0.22745263890365885,0,0.4547152399367194,0,0.44,0,0.11293400133315983,0,0.4440744
6013-BHCAW,0,0,0.09222981251205603,0,0.03470743119727614,0,0.085,0,0.02702424862382307,0,0.011441313
4402-FTBXC,0,0,0.3830190405903216,0,0.38265023112480734,0,0.2,0,0.19189743566572653,0,0.10367445
1471-GIQKQ,0,1,0.6722728439385929,1,0.7608170990329183,0,0.395,0,0.4909716836601411,0,0.10543394
4283-FUTGF,1,1,0.8013613038466627,1,0.7523359432701114,1,0.77,1,0.6160001254806544,1,0.7873872
9548-LERKT,0,0,0.03830671904494838,0,0.03470743119727614,0,0.025,0,0.017911419700097766,0,0.004220565
8059-UDZFY,0,1,0.7078686815189795,1,0.620548520915427,1,0.71,0,0.4790723413753197,1,0.65023804
0410-IPFTY,0,1,0.6053190824064385,1,0.620548520915427,1,0.63,0,0.3215920349840444,1,0.7407511
2478-EEWWM,0,1,0.5942179893048415,1,0.5756590058215597,1,0.71,0,0.3555587892937311,1,0.8267409
4619-EVPHY,0,1,0.6370587964120779,0,0.4547152399367194,0,0.275,0,0.3228850981150006,0,0.21216981
2277-DJJDL,0,1,0.733608453084457,1,0.5356541995599842,1,0.62,0,0.3909879388863693,1,0.5956265
2911-WDXMV,0,1,0.660665929750187,1,0.620548520915427,0,0.26,0,0.3978900556205289,0,0.34994602
3639-XJHKQ,0,0,0.3245607165701126,0,0.38958713069890827,0,0.285,0,0.23695276782119393,0,0.25428632
8173-RXAYP,0,0,0.030132967869854428,0,0.03470743119727614,0,0.0,0,0.015368145633152445,0,0.0035888455
4537-CIBHB,0,0,0.10855191496839439,0,0.10692085880259697,0,0.23,0,0.0522626169180012,0,0.3040763
5442-BXVND,0,0,0.14143810583739233,0,0.18511302617198014,0,0.125,0,0.07113244311787481,0,0.03901129
2308-STERM,0,0,0.4123638758522777,0,0.2763432424763395,0,0.14800000000000002,0,0.11819964492029092,0,0.0200637
7159-NOKYQ,0,0,0.2636652732707276,0,0.37235733349326783,0,0.21,0,0.1200932514373371,0,0.050089568
6075-QMNRR,0,0,0.20760063811578525,0,0.18511302617198014,0,0.135,0,0.0913967764930951,0,0.036779422
3694-GLTJM,0,0,0.47616966380331943,0,0.2763432424763395,0,0.135,0,0.12159450638806532,0,0.053243246
9629-NHXFW,0,0,0.4559439042935747,1,0.6222308228686201,1,0.53,0,0.342450750842104,1,0.82815164
7167-PCEYD,0,0,0.023790608456373274,0,0.03470743119727614,0,0.02,0,0.023899717016545034,0,0.002994302
2748-MYRVK,1,0,0.3542244286580921,0,0.1609897315078234,0,0.28,0,0.12364941888369534,0,0.21329983
4223-WOZCM,0,1,0.6617112823960368,1,0.7608170990329183,1,0.775,0,0.4583307152014669,1,0.6393367
6946-LMSQS,1,1,0.6223263328149009,0,0.21969408788117387,0,0.345,0,0.34686977228915483,0,0.15985875
5469-NUJUR,0,0,0.056845583648803204,0,0.03470743119727614,0,0.045,0,0.024055312096916057,0,0.0033848062
6388-TABGU,0,0,0.048729978163126145,0,0.09828552431610921,0,0.06,0,0.03705685882075898,0,0.010990637
1261-FWTTE,0,1,0.6125488698554896,1,0.5756590058215597,1,0.565,0,0.3129855626650254,1,0.66485465
8590-YFFQO,0,0,0.017475251344482686,0,0.0,0,0.05,0,0.02398635796931217,0,0.011105945
0082-OQIQY,0,1,0.7262177966895377,1,0.7523359432701114,1,0.52,0,0.3706280972041449,0,0.3885634
9465-RWMXL,1,1,0.7222110578185077,1,0.7523359432701114,1,0.58,0,0.4557607751773,1,0.85568583
2930-UOTMB,1,0,0.2002698204283852,0,0.18511302617198014,0,0.07,0,0.0901979186311832,0,0.17503588
9128-CPXKI,0,0,0.2361228911567199,0,0.37235733349326783,1,0.615,0,0.09773598337217115,0,0.30514982
0484-FFVBJ,0,0,0.3054198656329234,0,0.4547152399367194,0,0.325,0,0.12203716717322287,0,0.15451038
1100-DDVRV,0,1,0.6537806401681361,1,0.5756590058215597,0,0.475,0,0.2613729179634167,0,0.46416956
9313-QOLTZ,0,0,0.1461268738808937,0,0.18511302617198014,0,0.015,0,0.07218242926654511,0,0.024249107
3338-CVVEH,0,1,0.8618546146676876,1,0.8961053540356392,1,0.78,1,0.6299383325312966,1,0.8533768
1131-SUEKT,0,0,0.28078017611159467,0,0.4547152399367194,0,0.205,0,0.12663399561125674,0,0.0737976
7602-DBTOU,0,0,0.015702102589666433,0,0.03470743119727614,0,0.01,0,0.013572998386362748,0,0.000103509454
1385-TQOZW,0,0,0.2961620831208851,0,0.38958713069890827,0,0.12,0,0.09997764979311445,0,0.02157236
6892-XPFPU,1,1,0.858260504869343,1,0.7523359432701114,1,0.575,1,0.732562437304802,1,0.86813104
4115-NZRKS,0,1,0.8897176431233456,1,0.8961053540356392,1,0.71,1,0.672766174888948,0,0.36868232
5514-YQENT,0,0,0.16656171902186248,0,0.07330334372343442,0,0.17,0,0.10159187034568194,0,0.11620205
6319-IEJWJ,1,1,0.7906106156656759,1,0.7523359432701114,1,0.76,1,0.5526953547761947,1,0.5971662
8849-AYPTR,0,1,0.702149581025711,1,0.7523359432701114,0,0.315,0,0.35669185896299,0,0.38937083
5893-PYOLZ,0,0,0.07881108821746216,0,0.0,0,0.01,0,0.028565853466483628,0,0.0007098581
7180-PISOG,1,1,0.9087218446171391,1,0.9506405885519463,1,0.975,1,0.8338390675085695,1,0.9746509
8443-ZRDBZ,1,1,0.9165938965444509,1,0.7647086999958926,1,0.87,1,0.7513081203137241,1,0.7924249
9079-YEXQJ,1,1,0.6018072125508781,1,0.7523359432701114,0,0.29,0,0.3311153653821639,0,0.15214825
3780-YVMFA,0,1,0.6329668799053464,0,0.38958713069890827,1,0.535,0,0.35304250696209794,1,0.689304
6968-MHOMU,0,0,0.33227987083590793,0,0.4547152399367194,0,0.325,0,0.19340156276359247,0,0.3408724
0899-LIIBW,0,1,0.7628293613192041,1,0.7523359432701114,0,0.415,1,0.5368618799432023,1,0.5756185
3677-IYRBF,1,1,0.8587342827996215,1,0.7608170990329183,1,0.76,1,0.6993694058447337,1,0.88061035
8393-DLHGA,1,1,0.7294585473929368,1,0.7523359432701114,0,0.49,0,0.4307999996614999,0,0.45750123
7691-XVTZH,0,0,0.20317480227728082,0,0.03470743119727614,0,0.205,0,0.07481321405726671,0,0.1154886
5360-LJCNJ,0,0,0.22216447406789736,1,0.9432185043108359,0,0.395,0,0.21340907425802097,1,0.85290223
3891-PUQOD,1,1,0.7269110449745702,1,0.5093735898592938,0,0.475,1,0.5696374742241984,1,0.89506793
0952-KMEEH,1,1,0.714766136133776,1,0.8961053540356392,1,0.65,1,0.5255449770528297,1,0.84178543
4919-IKATY,1,1,0.866203209525969,1,0.8961053540356392,1,0.665,1,0.667110576279527,1,0.9787942
9746-UGFAC,0,0,0.08306385541029941,0,0.10692085880259697,0,0.075,0,0.03665733163458632,0,0.11274361
9108-EQPNQ,0,0,0.06328492133936321,0,0.03470743119727614,0,0.08,0,0.025213011623058883,0,0.022738395
0531-ZZJWQ,0,1,0.6899219016605284,1,0.7523359432701114,0,0.465,0,0.39844510841857395,1,0.6866321
8763-KIAFH,0,0,0.08570664650612721,0,0.013198173492684975,0,0.075,0,0.040760172396245214,0,0.0020492198
5863-OOKCL,0,0,0.2285651403491985,0,0.38958713069890827,0,0.08,0,0.034772086865619604,0,0.004490652
2958-NHPPS,0,0,0.21647785892622345,0,0.18511302617198014,0,0.08,0,0.08452027076895562,0,0.2097171
9530-GRMJG,0,0,0.09704977957142401,0,0.0,0,0.015,0,0.05239444305708329,0,0.0047711134
1809-DMJHQ,1,1,0.5434269175370626,1,0.7608170990329183,0,0.49,0,0.2897963980920424,0,0.30706298
0164-XAIRP,0,0,0.049361315451460885,0,0.03470743119727614,0,0.04,0,0.02210314550901267,0,0.0034821152
2926-JEJJC,0,0,0.1716295469736429,0,0.10692085880259697,0,0.155,0,0.05230823155561195,0,0.006542856
1169-WCVAK,0,1,0.5300876803759189,1,0.620548520915427,0,0.375,0,0.29045841890707785,0,0.18593372
1217-VASWC,0,0,0.4766361013394189,1,0.507957581876906,0,0.325,0,0.28121392347454066,1,0.66658247
2452-KDRRH,0,1,0.6729781868948037,0,0.38265023112480734,1,0.67,0,0.4985155533683658,1,0.7289211
6402-EJMWF,0,1,0.7548617911073897,1,0.7608170990329183,1,0.525,0,0.41859454713589556,1,0.7370526
7663-CUXZB,0,0,0.17342008401115416,0,0.07330334372343442,0,0.095,0,0.09500217985996143,0,0.059252482
4312-KFRXN,0,0,0.021394960899500926,0,0.03470743119727614,0,0.04,0,0.011278984361943675,0,0.0027421191
3011-WQKSZ,0,0,0.25763070004381,0,0.38958713069890827,0,0.475,0,0.15819603961437376,0,0.46632472
9747-DDZOS,1,1,0.8045847120750608,1,0.9506405885519463,1,0.6654166666666668,1,0.7397033693627801,1,0.89974856
2091-MJTFX,1,0,0.3895568816508315,0,0.36823024398923526,0,0.11,0,0.12868862227053657,0,0.15457636
0388-EOPEX,1,1,0.8557683276627185,1,0.7647086999958926,1,0.67,1,0.5470961942287668,1,0.6457008
3161-ONRWK,0,0,0.05608130757018956,0,0.09828552431610921,0,0.06,0,0.03475185328725112,0,0.0055988086
2587-EKXTS,0,1,0.6773787714565743,1,0.7523359432701114,0,0.435,0,0.33681177848550004,0,0.14937954
9752-ZNQUT,0,1,0.7460004728781071,1,0.7608170990329183,1,0.585,1,0.7658418030894993,1,0.55469185
9572-WUKSB,0,1,0.800678808475135,1,0.7608170990329183,0,0.415,0,0.33568448048648536,1,0.56777835
3836-FZSDJ,0,0,0.025526644354931183,0,0.0,0,0.01,0,0.017881495535622127,0,0.00073743804
8805-JNRAZ,0,1,0.5835165201554722,1,0.7608170990329183,0,0.405,0,0.3356797016149164,0,0.23653373
3069-SSVSN,0,1,0.5506304521761334,0,0.10692085880259697,1,0.505,0,0.3543868943528617,0,0.09105315
8015-IHCGW,0,0,0.14644759449652014,0,0.0,0,0.015,0,0.025829484215958577,0,0.0009516544
8132-YPVBX,0,1,0.8590527939325874,1,0.8961053540356392,1,0.74,1,0.6460540389948589,1,0.86470455
0235-KGSLC,1,1,0.8855933180408639,1,0.9506405885519463,1,0.805,1,0.8599994902453256,1,0.9431338
1302-UHBDD,0,1,0.7873987151267869,1,0.7523359432701114,1,0.525,0,0.4975504168737273,1,0.761925
3722-WPXTK,1,1,0.9416983394136508,1,0.9506405885519463,1,0.93,1,0.8708182895519475,1,0.8905223
7531-GQHME,0,0,0.22541793196476687,0,0.38958713069890827,0,0.235,0,0.07987545625878423,0,0.12598357
1335-NTIUC,0,1,0.6966968013333243,1,0.5756590058215597,0,0.48,0,0.48528918747137434,1,0.65836036
9367-TCUYN,0,0,0.2190491373336028,0,0.38958713069890827,0,0.125,0,0.06916088359785987,0,0.029369274
1536-HBSWP,0,1,0.7141286114278351,1,0.7608170990329183,1,0.6,0,0.4226706941074169,0,0.28044218
8573-JGCZW,0,0,0.13023851547745546,0,0.10692085880259697,0,0.05,0,0.04503490335115356,0,0.01218869
2694-CIUMO,0,1,0.703596165762444,1,0.7647086999958926,1,0.62,0,0.4651088865918766,1,0.60972106
2027-FECZV,1,1,0.8821946537563279,1,0.8961053540356392,1,0.8,1,0.7321524776415443,1,0.6712831
9103-TCIHJ,1,0,0.41279434012502075,0,0.38958713069890827,0,0.28,0,0.17867307819650635,0,0.44957373
1545-JFUML,0,0,0.18097392130286447,0,0.37235733349326783,0,0.08,0,0.04895906543636004,0,0.014432326
0524-IAVZO,1,1,0.7820768067358932,1,0.7523359432701114,1,0.63,1,0.5013178257702687,1,0.8637528
5519-TEEUH,0,0,0.07539100771366702,0,0.013198173492684975,0,0.025,0,0.040760172396245214,0,0.012003182
6654-QGBZZ,0,0,0.4127397550544257,1,0.6222308228686201,1,0.6755357142857139,0,0.33056983215630176,1,0.71686685
2294-DMMUS,0,0,0.390189156890912,0,0.18511302617198014,0,0.155,0,0.1487422074244386,0,0.029522024
0017-IUDMW,0,0,0.10465865973074548,0,0.0,0,0.0,0,0.018181067472594344,0,0.0045290035
5018-LXQQG,0,0,0.1733475252950743,0,0.18511302617198014,0,0.1,0,0.09009326549276182,0,0.2515152
5808-TOTXO,0,0,0.26885402051929636,0,0.10692085880259697,0,0.21,0,0.08139081797126009,0,0.020362103
1174-FGIFN,0,1,0.5201126537014867,0,0.4547152399367194,1,0.505,0,0.26065203130054515,0,0.23387226
0730-KOAVE,0,1,0.597512961966568,1,0.620548520915427,1,0.635,0,0.25174506748721925,1,0.51797014
1218-VKFPE,1,0,0.19262851782842477,0,0.38958713069890827,0,0.18,0,0.045113119163841406,0,0.017674938
5313-FPXWG,0,0,0.10168991110593602,0,0.013198173492684975,0,0.05,0,0.0449408468577399,0,0.0052184397
2834-JKOOW,0,0,0.15070075163690483,1,0.847027524813261,0,0.11,0,0.08145491971580787,0,0.16008526
9430-NKQLY,0,0,0.024415703071655904,0,0.03470743119727614,0,0.03,0,0.012630627751983599,0,0.00041735117
0363-QJVFX,1,1,0.5914303532280439,1,0.620548520915427,0,0.39,0,0.3427794482383591,0,0.12989056
1658-TJVOA,0,1,0.8606297188414104,1,0.7647086999958926,1,0.68,1,0.5610029774840912,1,0.7383502
6685-GBWJZ,0,0,0.06165931436498698,0,0.09828552431610921,0,0.08,0,0.03784006849490709,0,0.009077567
6328-ZPBGN,1,1,0.8731575451610663,1,0.8961053540356392,1,0.955,1,0.675080855375154,1,0.9384117
4003-FUSHP,0,0,0.404527896906117,0,0.38958713069890827,1,0.52,0,0.15252369935568877,0,0.1614495
7690-KPNCU,0,0,0.13863845002494038,0,0.21969408788117387,0,0.235,0,0.06666959383677756,0,0.26390776
2969-WGHQO,0,0,0.2615575733403615,0,0.0,0,0.205,0,0.12510383814632475,0,0.0662676
1855-CFULU,0,0,0.4357666436603704,0,0.2763432424763395,0,0.365,0,0.1510239882099739,1,0.5352737
9788-YTFGE,0,0,0.3150078917764076,0,0.38958713069890827,0,0.1,0,0.11487723371293082,0,0.04756131
8266-VBFQL,0,1,0.892299273556025,1,0.8961053540356392,1,0.85,1,0.677187588961099,1,0.85278463
2325-NBPZG,0,1,0.8491468957647345,1,0.7647086999958926,1,0.71,1,0.5106345174048638,1,0.7118791
9906-NHHVC,0,0,0.14543374345293375,0,0.24937741002570699,0,0.2,0,0.0608362744445029,0,0.16932964
2541-YGPKE,0,0,0.0770885899316352,0,0.1609897315078234,0,0.145,0,0.06719593011071126,0,0.17362116
5049-MUBWG,0,0,0.15655350303809007,0,0.1609897315078234,0,0.095,0,0.07210723762140989,0,0.049093634
2332-TODQS,0,0,0.06367079956031747,0,0.013198173492684975,0,0.025,0,0.03736604226969555,0,0.010084654
4419-UJMUS,0,0,0.23813284438300897,0,0.0,0,0.19,0,0.08904772898257637,0,0.08404868
2233-TXSIU,0,0,0.23647232341865632,0,0.10692085880259697,0,0.16,0,0.08729526110488822,0,0.03980898
6770-XUAGN,1,1,0.5444107219689182,1,0.6222308228686201,1,0.585,0,0.44973279312208175,0,0.33766878
2919-HBCJO,1,1,0.8213344514280516,1,0.8961053540356392,1,0.785,1,0.6545582479281679,1,0.90303266
9508-ILZDG,0,1,0.6957757288895762,1,0.7523359432701114,1,0.695,0,0.42648946543722766,1,0.5362479
5442-BHQNG,0,1,0.8516648006167865,1,0.7647086999958926,1,0.87,1,0.5120335225698857,1,0.8561057
7250-EQKIY,1,1,0.5788843773838502,1,0.7608170990329183,1,0.8,1,0.514400753334647,1,0.9120116
6838-HVLXG,0,0,0.2191517549648184,0,0.38958713069890827,0,0.06,0,0.07987545625878423,0,0.05836788
9767-FFLEM,0,1,0.5212962532086244,1,0.620548520915427,0,0.335,0,0.30603585190901467,1,0.5723981
2245-ADZFJ,0,0,0.08735809734306854,0,0.0,0,0.06,0,0.02905236899687589,0,0.005075648
1150-WFARN,1,0,0.13379740958782374,1,0.58058633749474,0,0.37,0,0.1449557403810927,1,0.7382286
9054-FOWNV,0,1,0.7855919453518733,1,0.7523359432701114,1,0.76,1,0.6253050389057287,1,0.7854271
7997-EASSD,0,0,0.2728974684470939,0,0.013198173492684975,0,0.135,0,0.08072094939034016,0,0.024053894
7560-QJAVJ,0,0,0.03387443970341127,0,0.03470743119727614,0,0.015,0,0.02450430985425682,0,0.008298499
2668-TZSPS,0,0,0.41918407523747564,1,0.6222308228686201,0,0.21166666666666667,0,0.3158231411249595,0,0.15011886
9139-WQQDY,1,0,0.388313316465728,0,0.3027881159870882,0,0.32,0,0.18220416977991102,0,0.034931317
6726-NNFWD,0,0,0.11555682046606132,0,0.0,0,0.085,0,0.0368477336384901,0,0.0015586428
9330-DHBFL,0,0,0.10107972917418193,1,0.847027524813261,0,0.135,0,0.04579635260601288,0,0.4337484
5727-MYATE,0,0,0.04639418426134239,0,0.0,0,0.0,0,0.012989720852842222,0,0.00054381555
2824-DXNKN,0,0,0.04946958578292665,0,0.03470743119727614,0,0.045,0,0.014284741017725514,0,0.0049323584
6166-ILMNY,1,1,0.798658777298555,1,0.7647086999958926,1,0.7715000000000001,1,0.5139326190087239,0,0.4755409
5236-XMZJY,0,0,0.1421079821644984,0,0.18511302617198014,0,0.205,0,0.08745719802765944,0,0.17232625
1709-EJDOX,0,0,0.017580184737872297,0,0.03470743119727614,0,0.015,0,0.01933456869339892,0,0.0020715217
4962-CHQPW,0,0,0.05931580774468917,0,0.013198173492684975,0,0.01,0,0.029596167092880012,0,0.00022197359
0301-FIDRB,0,0,0.05160329053290307,0,0.0,0,0.0,0,0.014943764171947756,0,0.00036053074
1820-TQVEV,1,1,0.8962720894056996,1,0.9506405885519463,1,0.99,1,0.8330874452696458,1,0.97952455
9115-YQHGA,0,0,0.30838345059151445,0,0.18511302617198014,0,0.16,0,0.1515404804820128,0,0.2746939
1541-ETJZO,1,1,0.6303930208074572,1,0.5093735898592938,0,0.425,0,0.3576204936258365,0,0.21814261
6230-BSUXY,1,1,0.9312192698658218,1,0.9506405885519463,1,0.955,1,0.8869855800025869,1,0.98629665
6797-LNAQX,1,0,0.1477347389040241,0,0.0,0,0.065,0,0.04673911794322637,0,0.031745933
9588-YRFHY,0,0,0.035124008786002144,0,0.03470743119727614,0,0.04,0,0.0221746992981818,0,0.0011875208
1092-GANHU,1,1,0.7215482067290361,1,0.7523359432701114,1,0.58,1,0.5001774250654205,0,0.46724853
5951-AOFIH,0,0,0.3604942611361286,0,0.18511302617198014,0,0.21,0,0.15523198726663054,0,0.1922607
7029-RPUAV,1,1,0.8474162119693164,1,0.620548520915427,1,0.775,1,0.6466894038019578,1,0.74138933
4700-UBQMV,0,0,0.31826804859705393,0,0.21969408788117387,0,0.18,0,0.13384335997240196,0,0.23049292
3594-UVONA,1,0,0.22448867549877677,0,0.21969408788117387,0,0.125,0,0.0819112340759912,0,0.004929165
7750-EYXWZ,0,0,0.4623302118113358,0,0.1609897315078234,0,0.265,0,0.21163138035099363,0,0.0720727
7054-ENNGU,0,0,0.385648137118572,0,0.38958713069890827,0,0.18,0,0.19227398557430794,1,0.5230443
0402-OAMEN,0,0,0.016788584389827298,0,0.03470743119727614,0,0.01,0,0.010094466559022871,0,0.0018681944
2195-VVRJF,0,0,0.45495037709833525,0,0.38958713069890827,0,0.325,0,0.17551517462069735,0,0.1427612
8819-ZBYNA,0,0,0.16798792594666626,1,0.58058633749474,0,0.28,0,0.0788701447612958,0,0.4368724
7748-UMTRK,0,1,0.762051278624859,1,0.7523359432701114,1,0.7,0,0.46669355009443864,0,0.4954309
1741-WTPON,0,0,0.10966737259740791,0,0.07330334372343442,0,0.14,0,0.03542794214406189,0,0.0051066987
7209-JCUDS,1,1,0.8719894440144774,1,0.8961053540356392,1,0.7,1,0.6916076191449332,1,0.6153664
2485-ITVKB,1,1,0.8796017383578831,1,0.7608170990329183,1,0.735,1,0.7456135819834498,1,0.8223528
9648-BCHKM,0,0,0.06463961285958217,0,0.03470743119727614,0,0.07,0,0.026535591942118103,0,0.0031577956
0743-HRVFF,0,0,0.32831514693182057,0,0.4547152399367194,0,0.22,0,0.12390208251580374,0,0.056819845
2522-AHJXR,0,1,0.5295208973455758,0,0.38265023112480734,0,0.285,0,0.2612632223477449,0,0.06041575
9143-CANJF,0,0,0.21190334842467268,0,0.18511302617198014,0,0.32,0,0.12213965996306624,0,0.36338282
1444-VVSGW,1,0,0.21037340416713288,1,0.507957581876906,0,0.41,0,0.19472170130978284,1,0.9441882
6898-MDLZW,0,0,0.3850185845336017,0,0.38958713069890827,0,0.37,0,0.1596777549758049,1,0.6635127
0074-HDKDG,0,0,0.1237887987482501,0,0.10692085880259697,0,0.125,0,0.0580197176191871,0,0.120192476
3982-JGSFD,0,0,0.08607309231112173,0,0.013198173492684975,0,0.005,0,0.0472204221834744,0,0.00013265507
7928-VJYAB,0,1,0.7942146146155381,1,0.8961053540356392,1,0.71,1,0.5068074684818097,1,0.8154448
1522-VVDMG,1,1,0.737430925730994,1,0.8961053540356392,1,0.63,1,0.5722566661751881,1,0.74680704
2665-NPTGL,0,1,0.8113502275736589,1,0.620548520915427,1,0.68,1,0.5503026993975061,1,0.82999843
8728-SKJLR,0,1,0.5252860764901163,1,0.7523359432701114,1,0.68,0,0.3367197416195406,1,0.6889877
7733-UDMTP,0,1,0.5909239580713449,1,0.5756590058215597,1,0.66,0,0.35650614817201964,0,0.3883639
0431-APWVY,1,0,0.49480839592432385,0,0.4547152399367194,0,0.33,0,0.23637055598158616,0,0.29585084
5081-NWSUP,0,0,0.2291086647050492,0,0.1609897315078234,0,0.235,0,0.1304088848517286,0,0.09497239
2746-DIJLO,0,0,0.18343031840176,0,0.09828552431610921,0,0.14,0,0.07596871489260054,0,0.08042742
7277-OZCGZ,0,1,0.6205014057631277,1,0.7523359432701114,0,0.485,0,0.403657215817207,1,0.5366101
5236-PERKL,1,0,0.20320162045600107,0,0.07330334372343442,0,0.34,0,0.0746400860853025,0,0.029962923
2788-CJQAQ,0,0,0.10495105983979394,0,0.10692085880259697,0,0.0,0,0.039406309739174854,0,0.0006288793
3096-WPXBT,0,0,0.2637497686715582,0,0.3027881159870882,0,0.255,0,0.0872302370953442,0,0.3510126
9962-BFPDU,0,0,0.3707496436263961,1,0.6222308228686201,1,0.6791666666666666,0,0.3241688967945944,1,0.5157406
2892-GESUL,0,0,0.03433952418457257,0,0.03470743119727614,0,0.045,0,0.016735651971489234,0,0.0037889334
9741-YLNTD,0,1,0.8831514948050485,1,0.8961053540356392,1,0.815,1,0.6799295629413498,1,0.90041906
1205-WNWPJ,1,1,0.5101678332315018,0,0.38958713069890827,0,0.225,0,0.24359836371706303,0,0.2651446
3173-NVMPX,0,0,0.49637915412631406,0,0.38958713069890827,0,0.195,0,0.28799116728667734,1,0.60963887
9661-MHUMO,1,1,0.6379782165702923,1,0.7608170990329183,0,0.48,0,0.30346266111747844,0,0.34143847
6000-APYLU,1,1,0.8340222301018131,1,0.7647086999958926,1,0.785,1,0.6264489391861698,1,0.64979935
0048-PIHNL,0,0,0.0573865426591295,0,0.013198173492684975,0,0.225,0,0.030442567432999168,0,0.0024445364
9420-LOJKX,1,1,0.6726148957510218,1,0.620548520915427,1,0.61,1,0.5451075688083623,1,0.8960183
7061-OVMIM,0,0,0.05833012514976343,0,0.013198173492684975,0,0.115,0,0.03410693913019121,0,0.027625136
5671-RQRLP,0,0,0.17574672833387728,0,0.0,0,0.105,0,0.07031693084550243,0,0.035824843
5129-JLPIS,0,1,0.6706422508022392,1,0.7523359432701114,1,0.56,1,0.5704643012211865,1,0.7988303
5170-PTRKA,0,0,0.11746388806679188,0,0.013198173492684975,0,0.06,0,0.0516086098528336,0,0.008977275
4819-HJPIW,0,0,0.43887616146564545,1,0.5756590058215597,0,0.145,0,0.15019878857620741,0,0.17375602
8780-RSYYU,0,0,0.1964605374819674,0,0.18511302617198014,0,0.15,0,0.0653263591604473,0,0.054197334
2335-GSODA,0,0,0.05642830042088368,0,0.03470743119727614,0,0.03,0,0.023558059767570704,0,0.0021092694
5696-CEIQJ,0,0,0.09233941324886966,0,0.0,0,0.06,0,0.04816382014959469,0,0.020270452
6169-PPETC,0,0,0.023191748571738762,0,0.03470743119727614,0,0.005,0,0.018591964528264445,0,0.0010533475
4237-RLAQD,1,1,0.702747291918823,1,0.7608170990329183,1,0.85,1,0.597085848949414,1,0.8233218
7359-WWYJV,0,0,0.09782343920165192,0,0.0,0,0.015,0,0.02623539864438674,0,0.002509312
8620-RJPZN,0,1,0.502419237282712,1,0.6222308228686201,0,0.33627380952380953,0,0.38367371930931254,0,0.10576665
7426-WEIJX,0,1,0.5244743494375089,1,0.5356541995599842,0,0.315,0,0.18099904213993148,0,0.18685439
7629-WIXZF,0,0,0.4109404191403942,0,0.21969408788117387,0,0.415,0,0.2659534786414091,0,0.17520235
2616-FLVQC,0,0,0.018139937067954852,0,0.03470743119727614,0,0.09,0,0.018152527571019893,0,0.051908605
9163-GHAYE,0,0,0.3968717172555425,0,0.38958713069890827,0,0.28,0,0.17262070559506779,0,0.39178896
4464-JCOLN,1,0,0.22342495386225744,0,0.10692085880259697,0,0.035,0,0.05533009800341837,0,0.01200962
2971-SGAFL,0,1,0.666448949660097,0,0.38958713069890827,0,0.41,0,0.36499785176182936,1,0.60588956
4735-ASGMA,1,1,0.8414643959289846,1,0.7523359432701114,1,0.785,1,0.6563886038497901,1,0.77118593
5245-VDBUR,0,0,0.12906334793452776,0,0.013198173492684975,0,0.055,0,0.06793118185130961,0,0.0011538634
1493-AMTIE,1,1,0.5030441014781927,1,0.6222308228686201,1,0.57,0,0.37743048641026367,1,0.7348733
1112-CUNAO,1,1,0.7836981632802129,1,0.7523359432701114,1,0.575,1,0.6287314878821855,1,0.85107034
7571-YXDAD,1,1,0.8451338781733788,1,0.7647086999958926,1,0.8075,1,0.5817772036131886,1,0.6941381
8714-EUHJO,1,1,0.7091373386690918,1,0.7523359432701114,1,0.575,0,0.4364634181964706,1,0.5009824
9040-KZVWO,0,0,0.29378927456015336,0,0.09828552431610921,0,0.105,0,0.1156214561979873,0,0.02769718
6713-OKOMC,0,0,0.4286129250463149,1,0.5756590058215597,0,0.195,0,0.1759217012324996,0,0.13007922
8749-CLJXC,0,0,0.42010137742696074,1,0.6222308228686201,0,0.21380952380952375,0,0.33056983215630176,1,0.50871646
4713-LZDRV,1,1,0.931247281581933,1,0.8961053540356392,1,0.89,1,0.8094887293937119,1,0.96508074
6598-RFFVI,1,0,0.2552513404759062,0,0.10692085880259697,0,0.115,0,0.06857011569704106,0,0.0142732905
7470-MCQTK,1,1,0.6990478627110234,1,0.5756590058215597,1,0.58,0,0.2839099572513847,1,0.6840007
5524-KHNJP,0,0,0.1541796197961881,0,0.1609897315078234,0,0.15,0,0.07251925033762728,0,0.14611422
1707-HABPF,0,0,0.363317575687972,0,0.09828552431610921,0,0.185,0,0.1322903039412553,0,0.12923032
4581-LNWUM,0,1,0.6971114640879531,1,0.5756590058215597,1,0.565,0,0.31757702028128476,0,0.4876585
9710-ZUSHQ,1,1,0.6545192988661724,1,0.620548520915427,1,0.555,0,0.34513339299766777,0,0.05621947
1697-LYYYX,0,0,0.03709129754278148,0,0.013198173492684975,0,0.04,0,0.026177137654183023,0,0.0008792241
4013-GUXND,0,0,0.41838189357256705,1,0.6222308228686201,1,0.6657003968253967,0,0.3307721977556837,0,0.4416375
5022-JNQEQ,0,1,0.688307454052629,1,0.7647086999958926,1,0.685,1,0.5295691200975513,1,0.6667486
4983-CCWMC,0,1,0.8508043898760866,1,0.7647086999958926,1,0.795,1,0.6081485389588054,1,0.80869883
6345-FZOQH,0,0,0.016866533419551855,0,0.03470743119727614,0,0.005,0,0.02062301636573785,0,0.00049669715
0962-CQPWQ,0,0,0.015222712129487585,0,0.03470743119727614,0,0.0,0,0.01589469505204929,0,0.00088346243
5495-GPSRW,0,0,0.05590559940102331,0,0.03470743119727614,0,0.06,0,0.023135670662706376,0,0.0036525996
2252-JHJGE,0,0,0.41592710013366446,1,0.507957581876906,0,0.39,0,0.18071907767903211,0,0.31917667
7356-AYNJP,0,0,0.3896502825726083,0,0.0,0,0.12,0,0.08486659903416983,0,0.07850363
2019-HDCZY,0,0,0.2899492711984398,0,0.37235733349326783,0,0.25,0,0.06830348598413186,0,0.07602564
8582-KRHPJ,0,0,0.27904602304987186,1,0.5756590058215597,0,0.14,0,0.15213286448905106,0,0.03518785
2867-UIMSS,1,1,0.8929313858967755,1,0.9506405885519463,1,0.955,1,0.7981405090498226,1,0.91978586
3487-EARAT,0,0,0.044083849097792734,1,0.5093735898592937,0,0.18,0,0.08098126101443313,0,0.37918243
9926-PJHDQ,0,0,0.09270839085504703,0,0.03470743119727614,0,0.07,0,0.023352324562320476,0,0.01584751
0289-IVARM,0,0,0.2180555544225627,0,0.18511302617198014,0,0.205,0,0.10311105445220917,0,0.12888917
4672-FOTSD,0,0,0.4576590427746094,0,0.38958713069890827,0,0.34,0,0.2710800521474248,0,0.13771276
6198-PNNSZ,0,0,0.32064682700609914,1,0.507957581876906,0,0.25,0,0.16084321912111096,0,0.28215
7603-USHJS,1,1,0.7267459584743372,1,0.7647086999958926,0,0.4,0,0.45516453551935093,1,0.65867645
6784-XYJAE,0,0,0.22995774131833283,0,0.0,0,0.09,0,0.07857147269896356,0,0.047210213
3858-XHYJO,0,0,0.38628175526135117,1,0.507957581876906,0,0.375,0,0.3038930401390418,1,0.5391317
1087-UDSIH,1,0,0.4880731306194107,0,0.2763432424763395,0,0.305,0,0.15102612608123664,0,0.07892847
7251-LJBQN,0,1,0.5240738269474143,1,0.507957581876906,0,0.36,0,0.3555339976941843,0,0.29279846
3200-MNQTF,0,0,0.025174208937257,0,0.0,0,0.065,0,0.0247582701195526,0,0.006790102
9359-UGBTK,0,0,0.0843758381178193,0,0.21969408788117387,0,0.125,0,0.0672567389902118,0,0.047017846
8160-HOWOX,0,1,0.730705051404117,0,0.38958713069890827,0,0.275,0,0.45818944390081784,1,0.70248216
0258-NOKBL,0,1,0.874419408460973,1,0.8961053540356392,1,0.745,1,0.642785869168291,1,0.91827464
2800-QQUSO,0,1,0.7307155456336579,1,0.7523359432701114,1,0.78,1,0.5784292039560787,1,0.8617931
2129-ALKBS,0,0,0.22236077593173192,0,0.18511302617198014,0,0.07,0,0.12569392913865252,0,0.15991361
9972-VAFJJ,0,0,0.4098959403056276,0,0.37235733349326783,0,0.15,0,0.14279157074490803,0,0.18884213
4693-VWVBO,0,0,0.49427819432494924,0,0.2763432424763395,1,0.555,0,0.13477917933890993,0,0.023262907
6969-MVBAI,0,1,0.8858265453661118,1,0.8961053540356392,1,0.835,1,0.7841535518226401,1,0.8911688
4821-WQOYN,0,0,0.01733179061532768,0,0.03470743119727614,0,0.01,0,0.011565245142418292,0,2.615525e-05
6769-DYBQN,1,1,0.5124907908633334,1,0.7523359432701114,1,0.53,0,0.2688785813003279,1,0.54545
4018-PPNDW,0,0,0.030400364480752923,0,0.03470743119727614,0,0.02,0,0.0195209180399484,0,0.0003727889
6288-CHQJB,0,0,0.030327218835103465,0,0.03470743119727614,0,0.05,0,0.024687398173532788,0,0.032381486
4905-JEFDW,1,1,0.5877698479517167,0,0.2435278889150389,1,0.585,0,0.31318214414646073,1,0.75455743
0559-CKHUS,0,0,0.04471682728092554,0,0.03470743119727614,0,0.04,0,0.021392647018156703,0,0.0063281483
2659-VXMWZ,1,0,0.38560286399804217,0,0.3027881159870882,0,0.18,0,0.15907818772548404,0,0.014302853
6559-RAKOZ,0,1,0.542438553038532,0,0.4547152399367194,1,0.515,0,0.3252523708421315,1,0.7723753
8809-XKHMD,0,0,0.09992583804874125,0,0.0,0,0.02,0,0.02953774975506045,0,0.0017068343
6365-HITVU,0,0,0.024057180879055295,0,0.0,0,0.0,0,0.01556459269221358,0,0.00049950264
0134-XWXCE,0,0,0.16918688748270977,0,0.1609897315078234,0,0.18,0,0.1002175652652812,0,0.10942179
9720-JJJOR,0,0,0.09080281959092057,0,0.09828552431610921,0,0.135,0,0.050201097740104374,0,0.17386909
2782-LFZVW,0,1,0.6419884548249509,0,0.38958713069890827,0,0.24,0,0.27157222316952595,0,0.28805777
6112-KTHFQ,0,0,0.2495791415371979,0,0.38958713069890827,0,0.25,0,0.07526959061517136,0,0.01810694
9220-ZNKJI,0,0,0.13572584687206188,0,0.24937741002570699,0,0.06,0,0.05865731060758147,0,0.013908257
9820-RMCQV,1,0,0.32082785352661086,0,0.38958713069890827,0,0.33,0,0.13635492855738984,0,0.3630517
9013-AQORL,0,0,0.26383309132036475,0,0.36823024398923526,0,0.275,0,0.14525942688395077,0,0.11457806
2040-OBMLJ,0,0,0.3045550452306013,0,0.013198173492684975,0,0.12,0,0.12134146621862855,0,0.019122869
5574-NXZIU,0,0,0.0851538703267332,1,0.58058633749474,0,0.275,0,0.060050582745585564,0,0.3035711
5446-DKWYW,0,0,0.2829026545317785,0,0.0,0,0.17,0,0.07680918314483694,0,0.051824044
0480-KYJVA,0,0,0.017013073178809283,0,0.03470743119727614,0,0.0,0,0.010094466559022871,0,8.966993e-05
1074-AMIOH,0,0,0.47377755190319987,0,0.38265023112480734,0,0.255,0,0.23781951307145044,0,0.034713097
0015-UOCOJ,0,1,0.5553472898005791,0,0.38958713069890827,1,0.68,0,0.3366497507218508,1,0.71114963
0256-LTHVJ,1,1,0.6846313584651079,1,0.7523359432701114,0,0.44,0,0.4097469570349189,0,0.22875531
4547-LYTDD,1,1,0.7201956746599273,1,0.7523359432701114,0,0.47,1,0.5029750071774003,1,0.5962013
1077-HUUJM,0,1,0.7477948171406578,1,0.7647086999958926,1,0.575,1,0.6017361659033273,1,0.6669352
2041-JIJCI,0,1,0.8368311907057414,1,0.5093735898592938,0,0.5,1,0.5446328146879889,1,0.5709309
1555-HAPSU,0,0,0.017421208686260556,0,0.03470743119727614,0,0.005,0,0.013092135788291341,0,0.0005282971
4323-SADQS,1,1,0.5173984600648182,0,0.36823024398923526,0,0.345,0,0.3318835884850127,1,0.6499906
3292-PBZEJ,0,1,0.8701845754320123,1,0.8961053540356392,1,0.79,1,0.7086386315790647,1,0.8135599
6203-HBZPA,0,0,0.06927545040933115,0,0.0,0,0.02,0,0.03190101109258571,0,0.002695197
9755-JHNMN,0,0,0.024936998678288684,0,0.0,0,0.04,0,0.023553887671822676,0,0.014757114
7369-TRPFD,0,0,0.0928998852108081,0,0.10692085880259697,0,0.005,0,0.026013861211220693,0,0.0002178888
9878-TNQGW,1,1,0.9203701009747681,1,0.8961053540356392,1,0.83,1,0.7474922401829491,1,0.84083956
2279-AXJJK,0,1,0.5526221523187194,0,0.38265023112480734,0,0.365,0,0.23871703326285235,0,0.099491164
5016-IBERQ,0,1,0.6704498148960246,1,0.7523359432701114,0,0.47,0,0.3884687456408854,1,0.6389598
1016-DJTSV,0,1,0.8161977605311197,1,0.7647086999958926,1,0.81,1,0.6295597967132083,1,0.5615447
8433-WPJTV,0,0,0.39059531595680047,0,0.3027881159870882,0,0.36,0,0.19748326362431406,0,0.11187742
8903-XEBGX,0,1,0.7885186804990324,1,0.7608170990329183,1,0.695,1,0.5426354327366694,1,0.9237281
2632-TACXW,0,0,0.025969518790102383,0,0.03470743119727614,0,0.005,0,0.017444950523545538,0,0.0053850887
7952-OBOYL,0,1,0.8502589171495528,1,0.8961053540356392,1,0.79,1,0.6138841722169992,1,0.7448934
1470-PSXNM,0,0,0.4987139300902017,0,0.37235733349326783,0,0.465,0,0.22203905313900169,0,0.3267538
6227-HWPWX,1,1,0.5091386844783142,1,0.620548520915427,0,0.375,0,0.2965140919879908,1,0.68297267
5924-SNGKP,0,0,0.06195074889830909,0,0.013198173492684975,0,0.015,0,0.040760172396245214,0,0.006034151
8818-DOPVL,0,1,0.7688663140254649,1,0.7523359432701114,0,0.5,1,0.6238490702441486,1,0.878105
4521-WFJAI,0,0,0.040146274157058064,0,0.03470743119727614,0,0.11,0,0.024215690934937792,0,0.008663352
4724-WXVWF,0,1,0.5517251498025284,1,0.7523359432701114,1,0.535,0,0.23331711319563397,0,0.2643778
3717-OEAUQ,0,1,0.8019506784964441,1,0.7647086999958926,1,0.835,1,0.5261055867351239,1,0.83113986
8165-ZJRNM,0,0,0.01690455980080436,0,0.03470743119727614,0,0.0,0,0.010094466559022871,0,0.00026955316
7838-LAZFO,0,0,0.13067466891699106,1,0.5093735898592937,0,0.21,0,0.09277254105316331,0,0.37029028
0513-RBGPE,0,0,0.05269749918776116,0,0.03470743119727614,0,0.035,0,0.02360084714600255,0,0.024959093
7251-XFOIL,0,1,0.5114722783494998,0,0.38265023112480734,0,0.165,0,0.17486905733103775,0,0.08028634
2525-GVKQU,0,0,0.018946327493477855,0,0.03470743119727614,0,0.175,0,0.016926144253784615,0,0.0006317406
7579-OOPEC,1,1,0.6303459404948973,1,0.7608170990329183,1,0.605,0,0.4094511027587662,1,0.7026778
3795-GWTRD,0,0,0.021198639504621357,0,0.0,0,0.045,0,0.01832293868122195,0,0.00064958184
4750-ZRXIU,1,1,0.9458124492857345,1,0.8961053540356392,1,0.94,1,0.8336996720773602,1,0.98081034
5445-PZWGX,1,0,0.24573021723920552,1,0.507957581876906,0,0.19,0,0.14748347232792763,0,0.059105605
0516-UXRMT,0,0,0.30322495002908467,0,0.37235733349326783,0,0.12,0,0.08776111050736699,0,0.14189284
0727-BNRLG,0,0,0.14216764117436861,0,0.0,0,0.105,0,0.050329446812640725,0,0.03622934
3932-CMDTD,1,1,0.8200435654754674,1,0.507957581876906,1,0.54,0,0.48076969114254803,0,0.43412644
1264-FUHCX,0,0,0.2734743140548464,0,0.4547152399367194,0,0.215,0,0.10623320483369642,0,0.17576146
6194-HBGQN,0,0,0.13824429433930172,0,0.09828552431610921,0,0.14,0,0.05175857324636578,0,0.04549916
4524-QCSSM,0,0,0.424097519388422,1,0.5756590058215597,0,0.275,0,0.17986565477567693,0,0.2832248
4570-QHXHL,0,1,0.5920634438484013,0,0.38958713069890827,1,0.79,0,0.4276895937751552,1,0.79722023
2972-YDYUW,0,0,0.3393755935869813,0,0.1609897315078234,0,0.225,0,0.1758364533335669,0,0.100017056
2061-VVFST,0,0,0.11984421438642245,0,0.18511302617198014,0,0.415,0,0.0695540020899102,1,0.63203573
6874-SGLHU,0,0,0.4956263033913046,0,0.4547152399367194,0,0.415,0,0.2600493266940354,0,0.09747975
9844-FELAJ,0,0,0.42289649504547916,0,0.3027881159870882,0,0.225,0,0.2135170977789943,0,0.091795474
1902-XBTFB,1,1,0.6899950991821908,1,0.7523359432701114,1,0.68,1,0.5349310568472533,1,0.78948593
9039-RBEEE,1,0,0.2896609719010365,1,0.5756590058215597,0,0.155,0,0.14104672639560098,0,0.3948099
9369-XFEHK,1,1,0.6266613589244454,1,0.620548520915427,1,0.685,0,0.3628130195563617,0,0.39232945
3680-CTHUH,0,0,0.3101669785950569,1,0.507957581876906,0,0.225,0,0.11762491711480537,0,0.101224914
3679-XASPY,0,0,0.46170225707976137,1,0.6222308228686201,1,0.55375,0,0.42346578739094526,1,0.5791623
9089-UOWJG,0,1,0.5171403096062607,0,0.38958713069890827,0,0.21,0,0.20795891438521197,0,0.42792445
1574-DYCWE,0,0,0.019615374900016556,0,0.03470743119727614,0,0.0,0,0.01933456869339892,0,0.0003504897
9779-DPNEJ,0,1,0.7235268256158846,1,0.7523359432701114,0,0.49,1,0.5306829983502239,1,0.579747
2967-MXRAV,0,0,0.2295377765795772,0,0.10692085880259697,0,0.135,0,0.2646361978499875,0,0.00495274
0327-WFZSY,0,1,0.5293368874271053,1,1.0,0,0.43,0,0.26401882725837883,0,0.38315582
1731-TVIUK,1,1,0.9059423339800144,1,0.8961053540356392,1,0.925,1,0.7644247302090005,1,0.97100824
7666-WKRON,1,0,0.18452270772707952,0,0.0,0,0.26,0,0.11170237571947281,0,0.038547006
3865-ZYKAD,0,0,0.4033980380009008,0,0.38265023112480734,0,0.18,0,0.19801311845091982,0,0.1489768
1465-LNTLJ,0,1,0.5729047946664011,0,0.38958713069890827,0,0.23,0,0.23826619525304937,0,0.045418713
2696-RZVZW,0,0,0.023425638792387835,0,0.03470743119727614,0,0.035,0,0.021147500855741772,0,0.017166698
0685-MLYYM,1,1,0.8713642968626256,1,0.7647086999958926,1,0.795,1,0.5833107625997758,1,0.5835569
2778-OCLGR,1,0,0.4457001582910499,1,0.5756590058215597,1,0.695,0,0.22865506805611807,1,0.8598756
3982-XWFZQ,1,0,0.443775199742328,0,0.18511302617198014,0,0.175,0,0.18902429978761173,0,0.07643674
4759-PXTAN,0,0,0.2789578146819537,0,0.4547152399367194,0,0.125,0,0.12948389789191106,0,0.006822801
1448-PWKYE,1,1,0.8755348328431966,1,0.9506405885519463,1,0.85,1,0.8128397228263168,1,0.9274023
8741-LQOBK,0,0,0.16420578898603935,0,0.36823024398923526,0,0.37,0,0.11474044377000372,0,0.12271705
8650-RHRKE,1,1,0.8358522217630362,1,0.7608170990329183,1,0.7,1,0.543289518125169,1,0.70975566
7266-GSSJX,0,0,0.3376200137109434,0,0.38958713069890827,0,0.025,0,0.14634871036291897,0,0.027249921
1265-HVPZB,0,0,0.09179945750485922,0,0.09828552431610921,0,0.295,0,0.04723062696341243,0,0.06297954
9640-ZSLDC,0,0,0.12797014978846033,0,0.1609897315078234,0,0.16,0,0.08381916362459678,0,0.06253908
0988-JRWWP,0,1,0.8105333810682404,1,0.7608170990329183,1,0.64,1,0.5766448312659358,1,0.92959803
1926-QUZNN,0,0,0.028902489463844765,0,0.03470743119727614,0,0.01,0,0.012984496464377578,0,0.00010782662
9025-ZRPVR,1,0,0.3076463389589713,0,0.38958713069890827,0,0.1,0,0.10106017141767354,0,0.018971335
6527-PZFPV,0,0,0.09674296011464142,0,0.10692085880259697,0,0.04,0,0.04413845543262137,0,0.0031475094
7460-ITWWP,0,1,0.6853758597334291,1,0.7523359432701114,1,0.745,0,0.3457827121317107,1,0.70832294
1530-ZTDOZ,0,0,0.30103903294476,1,0.5756590058215597,0,0.19,0,0.15705498468694246,0,0.05437682
4785-FCIFB,0,0,0.026608155523497542,0,0.03470743119727614,0,0.015,0,0.017444950523545538,0,0.004297433
9717-QEBGU,0,1,0.893745597978523,1,0.7647086999958926,1,0.66,1,0.6537955338638145,1,0.62097394
0876-WDUUZ,1,1,0.8435380423842983,1,0.8961053540356392,1,0.7,1,0.671844876524356,1,0.83429354
7881-EVUAD,1,1,0.8121510993853095,1,0.7608170990329183,1,0.805,1,0.5553221279380265,1,0.736724
4002-BQWPQ,0,0,0.2562761957496128,0,0.18511302617198014,0,0.28,0,0.10959555996283962,0,0.089861386
6377-WHAOX,0,1,0.7227652449282989,1,0.5356541995599842,1,0.65,0,0.49531064507011285,1,0.89122415
5027-YOCXN,0,0,0.24759427970482828,0,0.3027881159870882,0,0.31,0,0.14482306113535862,0,0.15345621
8450-JOVAH,1,1,0.5666355358794434,1,0.5093735898592938,0,0.425,0,0.2754184228771391,1,0.5308634
6646-QVXLR,1,1,0.5984232318970001,1,0.507957581876906,0,0.385,0,0.2704266660100063,0,0.27926797
0254-KCJGT,0,0,0.14366406759155925,0,0.21969408788117387,0,0.2,0,0.07792348198949713,0,0.1081242
3442-ZHHCC,0,0,0.12982276805269255,0,0.21969408788117387,0,0.34,0,0.0817742313614995,0,0.22101709
9167-APMXZ,0,1,0.7414536138373662,1,0.620548520915427,0,0.375,0,0.47037289912994956,1,0.731761
0616-ATFGB,1,1,0.8229872140424683,1,0.7608170990329183,1,0.86,1,0.7213444484212403,1,0.90046424
7273-TEFQD,1,1,0.8926644599198338,1,0.7608170990329183,1,0.875,1,0.6944959105084422,1,0.9095444
8245-UMPYT,1,1,0.8838798244005392,1,0.7523359432701114,1,0.96,1,0.7844227206510953,1,0.9804801
6022-UGGSO,1,1,0.6388611189458633,1,0.7523359432701114,1,0.53,0,0.4147112354343419,1,0.7656398
6292-TOSSS,0,0,0.032986185950395486,0,0.03470743119727614,0,0.07,0,0.020399839159613527,0,0.06248242
5207-PLSTK,0,1,0.5861703614610345,1,0.7608170990329183,1,0.765,0,0.44525384376148797,1,0.63038653
3908-BLSYF,1,1,0.880638535869647,1,0.8961053540356392,1,0.76,1,0.5218113835515528,1,0.8633539
4317-VTEOA,1,1,0.7481660337075501,1,0.7608170990329183,1,0.665,1,0.6575874673671623,1,0.887005
0625-AFOHS,0,0,0.025867825890103,0,0.03470743119727614,0,0.01,0,0.02069045133689037,0,0.0051218844
4667-OHGKG,1,1,0.5077253822089792,1,0.6222308228686201,0,0.34,0,0.326470667842936,1,0.70669013
2386-OWURY,0,1,0.6233556864407553,1,0.5356541995599842,1,0.51,0,0.3352950410801841,0,0.3826516
3780-DDGSE,0,0,0.4406201169480668,0,0.18511302617198014,0,0.21,0,0.15829849501356527,0,0.07120962
1047-RNXZV,0,0,0.02354371040070027,0,0.03470743119727614,0,0.005,0,0.019129867088536995,0,0.001976788
3926-YZVVX,0,0,0.09062261391519377,0,0.013198173492684975,0,0.11,0,0.04182827578988317,0,0.018987512
4742-TXUEX,0,0,0.017457012572677694,0,0.03470743119727614,0,0.0,0,0.012087750153271619,0,0.0012345127
8709-KRDVL,0,1,0.7891825287690243,1,0.7523359432701114,1,0.89,1,0.5933311159045133,1,0.8537456
0397-ZXWQF,0,0,0.0166940740827861,0,0.03470743119727614,0,0.0,0,0.019831926134426952,0,0.00017818532
3910-MRQOY,0,0,0.015257802431883362,0,0.03470743119727614,0,0.005,0,0.01006090624876022,0,0.00022539227
2511-MORQY,0,0,0.13783197358099866,0,0.013198173492684975,0,0.13,0,0.0633156860787923,0,0.20946603
4039-PIMHX,0,0,0.059533985147930124,0,0.24937741002570699,0,0.095,0,0.03340816919388846,0,0.051739935
8083-YTZES,1,1,0.9165315133246335,1,0.7647086999958926,1,0.82,1,0.7385775297190063,1,0.710229
1346-PJWTK,0,0,0.34661271061384763,0,0.38265023112480734,0,0.13,0,0.13379411008090983,0,0.043766882
3750-YHRYO,0,0,0.11604484467226762,0,0.10692085880259697,0,0.04,0,0.04711604750228762,0,0.002342807
1236-WFCDV,1,1,0.7462627239506142,1,0.620548520915427,1,0.605,0,0.4752447719096383,1,0.6945318
5949-HGVJL,0,1,0.5037920596015877,0,0.18511302617198014,0,0.215,0,0.18823223588236437,0,0.057434484
9112-WSNPU,0,1,0.5723744791591727,1,0.7523359432701114,1,0.705,0,0.37563554900666746,1,0.65534914
1360-JYXKQ,0,1,0.5199271148889711,0,0.4547152399367194,0,0.34,0,0.29251780669641153,0,0.25852412
3585-ISXZP,1,1,0.8168787697555026,1,0.8961053540356392,1,0.93,1,0.7139818811859111,1,0.8857878
8380-PEFPE,1,1,0.8722753449377721,1,0.9506405885519463,1,0.925,1,0.8163954673780962,1,0.92968786
9402-ROUMJ,0,0,0.2119682877776627,0,0.3027881159870882,0,0.25,0,0.08682488965297784,0,0.124072306
4335-UPJSI,0,0,0.029032377537645516,0,0.03470743119727614,0,0.035,0,0.016737330111322044,0,0.0056356764
6096-EGVTU,0,0,0.04680457025362314,0,0.013198173492684975,0,0.03,0,0.030160213778241563,0,0.00044419063
8988-ECPJR,1,1,0.5745632949483777,1,0.620548520915427,0,0.435,0,0.365811113241493,0,0.060616136
7677-SJJJK,0,0,0.11424191575094787,0,0.10692085880259697,0,0.21,0,0.0522626169180012,0,0.02701545
5850-BDWCY,0,0,0.3855038288621927,0,0.38958713069890827,0,0.07125,0,0.09500493448658487,0,0.07952346
2025-JKFWI,1,1,0.7906137549395832,1,0.8961053540356392,1,0.595,1,0.6507055678280058,1,0.8604837
8028-PNXHQ,0,0,0.03022438742182934,0,0.03470743119727614,0,0.005,0,0.019462977509400174,0,0.0053797713
8397-MVTAZ,1,1,0.8207056387456284,1,0.7523359432701114,1,0.785,1,0.6699527357638663,1,0.8503915
4445-ZJNMU,0,1,0.8497756277703256,1,0.8961053540356392,1,0.905,1,0.8162418427226563,1,0.98353046
3125-RAHBV,0,0,0.08684035626726523,0,0.10692085880259697,0,0.02,0,0.03665733163458632,0,0.0027135655
6682-QJDGB,1,0,0.16843147189544955,0,0.18511302617198014,0,0.075,0,0.10371757553702554,0,0.11159832
8840-DQLGN,1,1,0.5313414642169089,1,0.620548520915427,0,0.4,0,0.39215253217379487,0,0.23842116
6258-NGCNG,0,0,0.3115037256939529,0,0.38958713069890827,0,0.245,0,0.10666136922106641,0,0.2397127
5917-RYRMG,0,0,0.07895679049322693,0,0.013198173492684975,0,0.005,0,0.043130248651810366,0,0.00067643565
7157-SMCFK,0,0,0.015619067744758864,0,0.03470743119727614,0,0.375,0,0.017392903421030705,0,0.052162904
0816-TSPHQ,0,0,0.4135574880502955,0,0.2763432424763395,0,0.255,0,0.12679197052070004,0,0.10610974
6766-HFKLA,0,0,0.19794588083585235,0,0.13659389799184862,0,0.09,0,0.07195234909833467,0,0.02247605
7067-KSAZT,1,1,0.5694492846061648,1,0.507957581876906,0,0.315,0,0.3540473486725399,1,0.53520024
5155-AZQPB,0,0,0.30052643022767017,0,0.18511302617198014,0,0.07,0,0.1041689156272925,0,0.03348568
6890-PFRQX,0,0,0.3938146591705389,0,0.38958713069890827,0,0.065,0,0.13845523066068893,0,0.037409917
3508-VLHCZ,0,0,0.04603572069304452,0,0.0,0,0.0,0,0.016025664065604288,0,0.00022316833
3649-JPUGY,0,0,0.07391936731938034,0,0.0,0,0.01,0,0.01990312620492803,0,0.000119908385
9248-OJYKK,1,1,0.9317048181787567,1,0.9506405885519463,1,1.0,1,0.8884983561122628,1,0.9941624
7239-HZZCX,1,0,0.4207897168233396,1,0.6222308228686201,1,0.7622738095238095,0,0.33056983215630176,1,0.6741904
9860-LISIZ,0,0,0.1224513717109632,0,0.18511302617198014,0,0.0225,0,0.07218242926654511,0,0.02839838
6979-ZNSFF,1,1,0.8696945753777412,1,0.8961053540356392,1,0.84,1,0.8229531536519955,1,0.9561229
8938-UMKPI,1,1,0.7320125751616564,1,0.7523359432701114,1,0.61,1,0.5628908158561104,1,0.9417505
1820-DJFPH,0,0,0.023670220127811767,0,0.03470743119727614,0,0.035,0,0.012022702499895194,0,0.0011463413
0732-OCQOC,0,0,0.03612449554118788,0,0.03470743119727614,0,0.02,0,0.022819275023879836,0,0.0018512293
6776-TLWOI,1,0,0.41032538691573484,0,0.2763432424763395,0,0.27,0,0.11429789916907702,1,0.5126067
4940-KHCWD,0,0,0.032716932472477554,0,0.0,0,0.01,0,0.02548366684167446,0,0.0016056334
9057-SIHCH,1,1,0.9522264454854777,1,0.8961053540356392,1,0.955,1,0.8679448629854435,1,0.9640644
9866-QEVEE,1,1,0.7602425124910808,1,0.620548520915427,1,0.54,0,0.448994766396503,1,0.6585002
5542-TBBWB,0,1,0.8959652944941613,1,0.9506405885519463,1,1.0,1,0.8330874452696458,1,0.9655367
4587-VVTOX,1,1,0.9437999992114562,1,0.8961053540356392,1,0.88,1,0.8152829822283895,1,0.871368
6322-HRPFA,0,0,0.101352711298524,0,0.18511302617198014,0,0.15,0,0.08240805289326285,0,0.13774508
6284-AHOOQ,1,1,0.7182240932790834,1,0.620548520915427,0,0.36,0,0.40919000354097684,1,0.821822
4530-NDRKU,0,0,0.08946746917601668,0,0.0,0,0.06,0,0.04222384966420158,0,0.006165368
1751-NCDLI,0,1,0.8054757642979741,1,0.7523359432701114,1,0.835,1,0.5504661149452793,1,0.8681498
3893-JRNFS,0,0,0.36991863224330246,1,0.5756590058215597,0,0.4,0,0.22748391714650326,0,0.077924706
5857-XRECV,0,0,0.20855248532173912,0,0.10692085880259697,0,0.145,0,0.07554435653180536,0,0.0735687
3115-CZMZD,0,0,0.10775741648905829,0,0.03470743119727614,0,0.035,0,0.09738250479780418,0,0.0044731507
4489-SNOJF,1,0,0.2783661363022047,0,0.18511302617198014,0,0.205,0,0.11458736249567457,0,0.27277184
1051-GEJLJ,0,0,0.4062721536730804,0,0.2763432424763395,1,0.835,0,0.17343878751012007,1,0.6726688
3563-SVYLG,0,0,0.015132202738586566,0,0.0,0,0.01,0,0.02331514426700187,0,0.0025585797
4301-VVZKA,0,1,0.7914313696734391,1,0.7523359432701114,1,0.52,1,0.6418666330598727,1,0.7194474
9351-HXDMR,0,0,0.14876615357562092,0,0.0,0,0.19,0,0.047209098990137116,0,0.008422562
5161-XEUVX,0,0,0.1873665708126934,0,0.13659389799184862,0,0.09,0,0.0784439472374357,0,0.009273571
3088-FVYWK,0,0,0.026205604827802105,0,0.03470743119727614,0,0.05,0,0.019193092342378548,0,0.025101868
9812-GHVRI,0,1,0.5749116521693034,1,0.620548520915427,1,0.505,0,0.3114169868295255,1,0.6688003
1370-GGAWX,0,1,0.5067200371142927,0,0.4547152399367194,0,0.265,0,0.2894553949517191,0,0.3225896
6023-YEBUP,1,1,0.9547397900207147,1,0.8961053540356392,1,0.75,1,0.8235367126319919,0,0.31262547
9940-RHLFB,1,1,0.8554946976778685,1,0.9506405885519463,1,0.51,1,0.7622097244031221,1,0.51651996
4541-RMRLG,1,0,0.32021429583158423,0,0.38958713069890827,0,0.16,0,0.1656049949637399,0,0.05270415
2606-RMDHZ,1,1,0.7430411969105363,1,0.5756590058215597,0,0.435,0,0.36914119185792654,1,0.5288334
5575-TPIZQ,0,1,0.5421678600475833,1,0.620548520915427,0,0.345,0,0.24244005518714357,0,0.15406178
9378-FXTIZ,1,0,0.31522525703275817,0,0.4547152399367194,0,0.1,0,0.13034782553190774,0,0.08259434
4631-OACRM,1,1,0.8153226274934247,1,0.7523359432701114,0,0.4,1,0.6006398515170402,1,0.80636466
8593-WHYHV,1,1,0.9396286373143318,1,0.8961053540356392,1,0.915,1,0.8217781330558689,1,0.93546087
1403-GYAFU,0,0,0.013312141717422366,0,0.03470743119727614,0,0.0,0,0.02004398669580104,0,0.00034201273
7641-TQFHN,0,0,0.18746824601382558,0,0.13659389799184862,0,0.19,0,0.05665708946056227,0,0.007205969
4237-CLSMM,0,0,0.4243192482690543,0,0.2763432424763395,0,0.155,0,0.10399751462146858,0,0.07739116
4360-PNRQB,0,1,0.7049057941733395,1,0.620548520915427,1,0.595,0,0.41670098699162283,0,0.4605182
5334-AFQJB,0,0,0.03375081708512045,0,0.0,0,0.03,0,0.014829170193579364,0,0.00049913046
9308-ANMVE,0,0,0.20115789649232937,0,0.18511302617198014,0,0.17,0,0.12285390968913687,0,0.13683407
3530-VWVGU,0,0,0.13779825117808198,0,0.38958713069890827,0,0.045,0,0.057893796384432386,0,0.006095933
4674-HGNUA,0,0,0.03441559287750793,0,0.0,0,0.0,0,0.017385095637364494,0,0.00027777688
3030-YDNRM,0,1,0.837473652009073,1,0.7647086999958926,1,0.785,1,0.7047352689175035,1,0.85837966
3642-BYHDO,0,0,0.012522034847171824,0,0.03470743119727614,0,0.0,0,0.013189245442009202,0,0.0005762214
0440-UEDAI,0,0,0.28725124748605857,0,0.4547152399367194,0,0.165,0,0.1432273015038653,0,0.21090695
9819-FBNSV,0,1,0.566498024890434,1,0.620548520915427,0,0.5,0,0.3272328398066166,1,0.5988162
9289-LBQVU,0,0,0.15530307755549266,0,0.4547152399367194,0,0.13,0,0.07789571843227565,0,0.17116202
4468-YDOVK,0,1,0.5675850420833499,1,0.7608170990329183,1,0.52,0,0.33657897056141206,0,0.49506867
2001-EWBQU,0,0,0.26677532199523535,1,0.9432185043108359,0,0.245,0,0.14271130218777084,0,0.11981872
9992-UJOEL,0,1,0.6671468773376132,1,0.7608170990329183,1,0.545,0,0.47736580957223806,1,0.73405206
8409-WQJUX,0,0,0.3799883050051554,0,0.1609897315078234,0,0.11,0,0.15141102037527673,0,0.021149324
3077-RSNTJ,0,0,0.34565406280615346,0,0.38958713069890827,0,0.26,0,0.08479574711108391,0,0.118214786
6993-YCOBK,0,0,0.20987133309915665,1,0.5805863374947398,0,0.225,0,0.08803971110159793,0,0.025815358
4817-VYYWS,1,1,0.7994685592915699,1,0.7523359432701114,1,0.87,1,0.5414402968145361,1,0.80622435
4702-HDRKD,0,0,0.12941061666537604,0,0.013198173492684975,0,0.035,0,0.05012018591221401,0,0.003261104
3251-YMVWZ,0,0,0.07150844244757087,0,0.013198173492684975,0,0.13,0,0.03736604226969555,0,0.08855872
4190-MFLUW,1,0,0.3004209078818178,0,0.38958713069890827,0,0.21,0,0.1482662579014953,0,0.40256223
4678-DVQEO,1,1,0.7096868619601558,1,0.7608170990329183,1,0.87,0,0.46626208222130044,1,0.8540133
4701-AHWMW,1,0,0.45042562406581454,1,0.5756590058215597,0,0.09,0,0.1520602333476906,0,0.20930234
2987-BJXIK,0,0,0.05342101422247157,0,0.0,0,0.025,0,0.028966080916167262,0,0.0007552566
1730-VFMWO,0,0,0.20097203642436193,0,0.18511302617198014,0,0.14,0,0.09140396515366378,0,0.0924315
1936-UAFEH,0,0,0.09739740216977917,0,0.07330334372343442,0,0.16,0,0.06320445497172715,0,0.48148048
5140-FOMCQ,0,0,0.38898422720526743,1,0.507957581876906,0,0.135,0,0.13895498862488423,0,0.041348405
8778-LMWTJ,0,1,0.7155758948491215,1,0.7647086999958926,1,0.75,1,0.5109968206353946,1,0.8270234
9840-DVNDC,1,1,0.876063287763067,1,0.7647086999958926,1,0.79,1,0.5816343628221528,1,0.5051953
8033-VCZGH,0,1,0.572779281496074,1,0.507957581876906,1,0.515,0,0.3427049974105438,0,0.47652236
8580-QVLOC,1,0,0.03698457410169933,0,0.0,0,0.05,0,0.02061876885227147,0,0.0013532373
6128-AQBMT,0,1,0.6466913316667112,1,0.5756590058215597,1,0.565,0,0.38621773669251874,1,0.8324293
6257-RJOHI,0,1,0.622870393738924,1,0.7608170990329183,0,0.345,0,0.32969851473287537,1,0.68372506
1929-ZCBHE,0,0,0.10798123145260714,0,0.2435278889150389,0,0.22,0,0.06200094649024788,0,0.02481075
6242-SGYTS,0,0,0.26088914090962406,0,0.09828552431610921,0,0.145,0,0.05724565916927485,0,0.024191419
7010-ZMVBF,0,0,0.14827176024327907,0,0.38958713069890827,0,0.075,0,0.06894106972450707,0,0.025255451
3519-ZKXGG,1,1,0.9197217923506682,1,0.8961053540356392,1,0.905,1,0.7959983961375656,1,0.9181839
5666-MBJPT,0,0,0.033426889282853055,0,0.03470743119727614,0,0.055,0,0.02552166725325593,0,0.008739136
3313-QKNKB,1,0,0.4469701035996069,0,0.1609897315078234,0,0.305,0,0.2114113886463578,0,0.24482353
7581-EBBOU,0,0,0.11805335937996927,0,0.09828552431610921,0,0.095,0,0.04605377175598092,0,0.017982682
1784-BXEFA,0,0,0.2920992314569136,0,0.38958713069890827,0,0.03,0,0.09090208211490829,0,0.051264733
7492-TAFJD,0,0,0.1107507356593761,0,0.0,0,0.1,0,0.05772141291822022,0,0.01851582
5213-TWWJU,0,1,0.5883409845137034,1,0.7523359432701114,0,0.255,0,0.27730974745052694,1,0.51153225
3312-ZWLGF,0,1,0.7083295744531686,1,0.7523359432701114,1,0.705,0,0.42421613037396294,1,0.74245274
2923-ARZLG,0,0,0.29923867847285185,0,0.10692085880259697,0,0.21,0,0.21983076363252288,0,0.04959454
7032-LMBHI,0,0,0.15862194038885272,0,0.013198173492684975,0,0.045,0,0.051169039309049986,0,0.044726454
8292-ITGYJ,0,0,0.034710783968199856,0,0.03470743119727614,0,0.045,0,0.022819275023879836,0,0.001656566
9107-UKCKY,0,0,0.34098837347089495,0,0.4547152399367194,0,0.215,0,0.14648964222785882,0,0.27699628
6848-HJTXY,0,0,0.018297003748347196,0,0.03470743119727614,0,0.0,0,0.01795011065694628,0,0.00033130674
4184-VODJZ,0,0,0.4202213157506606,0,0.4547152399367194,0,0.235,0,0.19572531793290465,0,0.14304744
4846-WHAFZ,1,1,0.7199955230106524,1,0.7523359432701114,1,0.58,0,0.4801528998865981,1,0.72983146
8735-SDUFN,0,0,0.02428852701422914,0,0.0,0,0.0,0,0.012810272331838258,0,9.904651e-05
0839-JTCUD,0,0,0.03712916897546167,0,0.0,0,0.005,0,0.023916190042436315,0,0.0034574512
6857-VWJDT,1,1,0.9112306043046693,1,0.9506405885519463,1,0.91,1,0.8963014355177233,1,0.9769588
7363-QTBIW,0,1,0.83802236884323,1,0.8961053540356392,1,0.95,1,0.6609894609514064,1,0.9185675
6158-HDPXZ,0,1,0.7241276731759266,1,0.7608170990329183,1,0.73,1,0.5137619127918781,1,0.6682806
5419-CONWX,1,1,0.9119974497875436,1,0.8961053540356392,1,0.815,1,0.7795213862017792,1,0.959099
9286-DOJGF,1,1,0.6355282194308122,1,0.620548520915427,1,0.535,0,0.36019228017971533,1,0.57072145
2408-PSJVE,0,0,0.17082131170324796,0,0.18511302617198014,0,0.225,0,0.10162641694510571,0,0.092796504
2087-QAREY,0,0,0.36338471961730345,0,0.38958713069890827,0,0.245,0,0.1677935891855523,0,0.3075911
6777-TGHTM,1,0,0.43974993301402804,1,0.507957581876906,0,0.405,0,0.254066277876566,0,0.24382535
6507-ZJSUR,0,1,0.8372169736550221,1,0.7523359432701114,1,0.665,0,0.4968382546393408,1,0.7613025
5025-GOOKI,0,0,0.22118918332627532,0,0.38958713069890827,0,0.085,0,0.06134857476086469,0,0.005428282
6080-LNESI,0,0,0.032670092133744354,0,0.03470743119727614,0,0.01,0,0.020399839159613527,0,0.014277028
2236-HILPA,0,0,0.015770908504875746,0,0.03470743119727614,0,0.0,0,0.016482162689925656,0,0.0009293832
1386-ZIKUV,0,0,0.31660038052044576,0,0.38958713069890827,0,0.095,0,0.084633844170863,0,0.19333455
3365-SAIGS,0,1,0.7476989933731264,1,0.7523359432701114,1,0.67,1,0.5370381703421506,1,0.51901376
6061-GWWAV,0,0,0.08427488542881009,0,0.09828552431610921,0,0.08,0,0.0456520490990984,0,0.04957442
9979-RGMZT,0,1,0.6677018925927437,0,0.4547152399367194,1,0.675,1,0.564699922225838,1,0.63750494
8445-DNBAE,0,1,0.7922367391219566,1,0.7608170990329183,0,0.415,1,0.6134658815247378,0,0.49133593
6872-HXFNF,0,0,0.09668587330307263,0,0.013198173492684975,0,0.015,0,0.043987834153318736,0,0.0016257749
1320-HTRDR,1,1,0.9156429340763891,1,0.7647086999958926,1,0.84,1,0.7290515457129131,1,0.6832855
3923-CSIHK,1,1,0.6321257652678729,1,0.7523359432701114,1,0.53,0,0.35498884408836934,0,0.47352093
2446-ZKVAF,0,0,0.37960059746018415,0,0.38958713069890827,0,0.18,0,0.1437468258515909,0,0.30918965
4640-UHDOS,1,0,0.47346889456121255,0,0.38958713069890827,0,0.435,0,0.2233386909719365,0,0.44147804
5457-COLHT,0,0,0.02579289843487774,0,0.0,0,0.015,0,0.023624299733701042,0,0.0019899406
2254-DLXRI,0,1,0.8735184833440256,1,0.9506405885519463,1,0.965,1,0.8357298910746953,1,0.9875016
5339-PXDVH,0,1,0.8795973383158481,1,0.8961053540356392,1,0.65,1,0.5525549529606766,1,0.6406016
2386-LAHRK,1,1,0.764428399039727,1,0.7608170990329183,1,0.855,1,0.5992156183099275,1,0.88355935
5062-CJJKH,0,0,0.12882643419037634,0,0.10692085880259697,0,0.115,0,0.05344348483835004,0,0.1815403
8930-XOTDP,0,0,0.35267281814504214,0,0.38958713069890827,0,0.35,0,0.1395781832518633,0,0.33267736
4779-ZGICK,0,0,0.024465175739549587,0,0.03470743119727614,0,0.0,0,0.019193092342378548,0,0.0027618008
9534-NSXEM,0,0,0.10546379751077758,0,0.013198173492684975,0,0.015,0,0.042548092233774176,0,0.0026179461
3716-BDVDB,1,1,0.8966653642690596,1,0.9506405885519463,1,0.97,1,0.8330874452696458,1,0.97952455
9842-EFSYY,0,1,0.7589190002580877,1,0.5093735898592938,0,0.455,0,0.36677255506653267,1,0.5881263
9122-UMROB,0,0,0.41952799845835914,1,0.6222308228686201,0,0.06325000000000001,0,0.3158231411249595,0,0.2666132
1867-BDVFH,1,1,0.8036683393409981,1,0.7647086999958926,1,0.78,1,0.6185871347066221,1,0.93404514
5949-EBSQK,1,1,0.5715697610647983,1,0.5093735898592938,0,0.335,0,0.2649970248243521,0,0.03648282
4160-AMJTL,1,0,0.34385394174609085,0,0.38958713069890827,0,0.295,0,0.15916249790468898,0,0.2447771
8622-ZLFKO,0,1,0.926106907831425,1,0.8961053540356392,1,0.925,1,0.7829862822909708,1,0.9483715
2990-IAJSV,0,0,0.03869822016019249,0,0.0,0,0.0,0,0.015450909739058194,0,0.00065212004
6064-ZATLR,0,0,0.04533094628989805,0,0.0,0,0.045,0,0.024830545126271492,0,0.0020034553
7409-KIUTL,1,1,0.8863627447072063,1,0.9506405885519463,1,0.965,1,0.8382010319465827,1,0.841611
5505-OVWQW,0,0,0.09348947545733755,0,0.10692085880259697,0,0.04,0,0.03665733163458632,0,0.021759583
3948-KXDUF,0,0,0.024972890365008136,0,0.0,0,0.015,0,0.0247582701195526,0,0.0012288967
9814-AOUDH,0,0,0.023076990078051522,0,0.03470743119727614,0,0.09,0,0.01989352076146844,0,0.039261278
7398-LXGYX,0,0,0.4880923670063862,1,0.620548520915427,0,0.275,0,0.2044920145528453,0,0.28426614
5266-PFRQK,0,0,0.06329623881081052,0,0.013198173492684975,0,0.03,0,0.03884830883819434,0,0.0020431313
1568-BEKZM,0,0,0.050196416715339524,0,0.0,0,0.03,0,0.03265669611647503,0,0.0052056625
2692-PFYTJ,0,1,0.5748500524729979,1,0.6222308228686201,0,0.285,0,0.4003593544945676,0,0.33477288
2533-QVMSK,1,0,0.22592944018865077,0,0.0,0,0.155,0,0.08198702362301173,0,0.01759022
5828-AVIPD,1,1,0.655049122287468,0,0.3027881159870882,1,0.59,1,0.506386325735483,1,0.8333405
2907-ILJBN,0,0,0.10424517349399422,0,0.10692085880259697,0,0.075,0,0.041967638347678644,0,0.007358027
5226-NOZFC,0,1,0.7024997217230028,1,0.7523359432701114,1,0.69,0,0.4557961441203235,0,0.38925153
7114-AEOZE,0,0,0.018922754522407898,0,0.03470743119727614,0,0.025,0,0.016926144253784615,0,0.0016683183
2202-CUYXZ,1,1,0.9209319041245546,1,0.9506405885519463,1,0.95,1,0.8732733704579898,1,0.982676
3466-RITXD,0,1,0.6180324747168788,1,0.620548520915427,1,0.555,0,0.3920273185240462,1,0.8190474
7278-CKDNC,0,1,0.7578526456284472,1,0.7523359432701114,1,0.865,1,0.5588416014811385,1,0.61940897
1956-YIFGE,0,1,0.512356915978872,1,1.0,0,0.495,0,0.34131467503587354,1,0.61003274
0422-UXFAP,0,1,0.6441989475108225,0,0.4547152399367194,1,0.535,0,0.36400351387757107,0,0.36073726
3733-UOCWF,0,0,0.2917086032428216,0,0.09828552431610921,0,0.09,0,0.06940180537442711,0,0.012716326
7191-ADRGF,0,0,0.12489514827772456,0,0.0,0,0.285,0,0.05683211886930567,0,0.12695457
5709-LVOEQ,0,0,0.24142373778436385,0,0.0,0,0.135,0,0.15364424485095643,0,0.0012090206
6034-YMTOB,0,1,0.7973101019006659,1,0.7647086999958926,1,0.625,1,0.5258494684160122,0,0.26023078
6372-RFVNS,1,1,0.8929019472162508,1,0.9506405885519463,1,0.955,1,0.812148057483891,1,0.96894777
9052-DHNKM,0,0,0.1875791181317473,0,0.2435278889150389,0,0.165,0,0.07768092921974372,0,0.11399694
5609-IMCGG,0,1,0.6406298951402751,1,0.620548520915427,0,0.385,0,0.4068446733275109,0,0.24263869
2959-MJHIC,1,1,0.9177518137224141,1,0.7647086999958926,1,0.86,1,0.6667177505413427,1,0.87987727
1319-YLZJG,0,1,0.6862684560732965,1,0.7647086999958926,1,0.645,0,0.48227420404097754,1,0.61519444
7623-TRNQN,1,1,0.5894992867516066,1,0.7608170990329183,0,0.315,0,0.32559036215031867,0,0.22373182
0377-JBKKT,0,0,0.20060374632620798,0,0.38958713069890827,0,0.125,0,0.12333757067488413,0,0.06163218
1936-CZAKF,0,0,0.13512715976053005,0,0.0,0,0.215,0,0.042848466748727665,0,0.019469148
5063-IUOKK,0,0,0.0466124458536034,0,0.03470743119727614,0,0.035,0,0.02069546474826148,0,0.0019877828
8646-JCOMS,0,0,0.23519708501280842,0,0.09828552431610921,0,0.075,0,0.09045361053020043,0,0.026851794
0979-MOZQI,0,0,0.09330233157380793,0,0.03470743119727614,0,0.055,0,0.034176273374084104,0,0.00996587
1525-LNLOJ,0,0,0.08310141266688312,0,0.03470743119727614,0,0.035,0,0.040745085201526726,0,0.007939301
5759-RCVCB,1,1,0.7660156498275877,1,0.7608170990329183,0,0.465,0,0.41047128225632384,1,0.6351624
9968-FFVVH,0,0,0.06120080202779923,0,0.09828552431610921,0,0.06,0,0.037323374906812444,0,0.001587897
2266-FUBDZ,0,0,0.03783460131497683,0,0.03470743119727614,0,0.05,0,0.018309980563524782,0,0.0073917825
4760-THGOT,0,1,0.6214630420520931,1,0.7523359432701114,0,0.43,0,0.3376717248118526,0,0.3218214
2307-FYNNL,0,0,0.25210106800917326,0,0.0,0,0.315,0,0.15547834280835168,0,0.09242673
1143-NMNQJ,1,1,0.9385636070435815,1,0.8961053540356392,1,0.99,1,0.8270488562177738,1,0.97226083
1629-DQQVB,0,0,0.2684667877955295,0,0.38958713069890827,0,0.365,0,0.10887369726211907,0,0.083231285
3766-EJLFL,0,0,0.13033992768980815,1,0.58058633749474,0,0.29,0,0.07635204008326604,0,0.25613484
8457-XIGKN,0,0,0.22547668475173172,0,0.38958713069890827,0,0.08,0,0.08005716937078641,0,0.012887475
4981-FLTMF,0,0,0.10970887044969792,0,0.18511302617198014,0,0.055,0,0.0814980020713466,0,0.0555895
7606-BPHHN,0,0,0.02135300330806341,0,0.03470743119727614,0,0.015,0,0.012270236774422034,0,5.9122107e-05
7005-CCBKV,1,1,0.9034233368034625,1,0.8961053540356392,1,0.825,1,0.7206405125919509,1,0.9195109
4648-YPBTM,0,0,0.08703026963926504,0,0.0,0,0.055,0,0.03433907706508374,0,0.016931064
2325-ZUSFD,1,0,0.1492089071234137,0,0.21969408788117387,0,0.055,0,0.07924360416439315,0,0.028535161
1240-KNSEZ,1,1,0.5058424834379343,1,0.6222308228686201,1,0.96,0,0.37743048641026367,1,0.8732461
0430-IHCDJ,0,1,0.6028704340920533,0,0.38958713069890827,1,0.76,0,0.335844359926109,1,0.7713105
7957-RYHQD,1,0,0.41916361465687346,1,0.620548520915427,1,0.615,0,0.24951895136853608,1,0.8414923
6164-HAQTX,0,0,0.03388775957961986,0,0.0,0,0.015,0,0.021982429043101957,0,0.0016058956
0749-IRGQE,0,1,0.7324417839324464,1,0.5756590058215597,1,0.715,0,0.49771309115680323,1,0.7715811
1227-UDMZR,0,0,0.054777542742281624,0,0.0,0,0.005,0,0.01446297696539134,0,0.0002699029
5473-KHBPS,0,0,0.3796011497022053,0,0.09828552431610921,0,0.21,0,0.13229887741033336,0,0.035224687
5297-MDOIR,0,0,0.20621940627166796,0,0.013198173492684975,0,0.05,0,0.06006048590811555,0,0.0045092446
8873-TMKGR,0,0,0.07307441587659093,0,0.013198173492684975,0,0.005,0,0.01532064543575557,0,5.7026067e-05
6481-ESCNL,0,1,0.6951016407859727,1,0.620548520915427,0,0.31,0,0.3613064695818276,0,0.23673272
0463-WZZKO,0,0,0.49365332958247465,0,0.2763432424763395,0,0.22,0,0.14597841822921756,0,0.055219755
1038-RQOST,0,0,0.14962718599825778,0,0.38958713069890827,0,0.045,0,0.06642222262235425,0,0.029749349
4937-QPZPO,0,1,0.5457179333349521,0,0.4547152399367194,1,0.66,0,0.3409490780232589,1,0.88258505
3604-WLABM,0,0,0.42998922574897175,0,0.38958713069890827,0,0.38,0,0.2487277354793144,0,0.3046571
1360-XFJMR,0,0,0.3605821411914398,1,0.507957581876906,0,0.125,0,0.1817506906634767,0,0.16459928
8717-VCTXJ,0,0,0.07683551510349698,0,0.013198173492684975,0,0.015,0,0.04420445829974621,0,0.0015576385
5196-SGOAK,1,1,0.8777802792768339,1,0.9506405885519463,1,0.96,1,0.8456721880935806,1,0.97026247
8739-XNIKG,0,1,0.9341904721865092,1,0.8961053540356392,1,0.845,1,0.8067170656981658,1,0.93934286
2320-TZRRH,0,0,0.08847130184748349,0,0.10692085880259697,0,0.0,0,0.03809349862579262,0,0.0004997196
5186-SAMNZ,1,1,0.8738351093250579,1,0.9506405885519463,1,0.885,1,0.8184939434283616,1,0.95670605
5760-FXFVO,0,1,0.825836289920162,1,0.8961053540356392,1,0.805,1,0.5154385096893221,1,0.7616086
5380-WJKOV,1,1,0.7891591028962192,1,0.7523359432701114,1,0.71,1,0.7093130835208055,0,0.2329829
4703-MQYKT,0,0,0.03926470149216981,0,0.03470743119727614,0,0.06,0,0.017220790107422206,0,0.0021938768
2001-MCUUW,0,0,0.23926074178371134,1,0.58058633749474,0,0.29,0,0.27307788781913506,0,0.20655516
4947-DSMXK,0,1,0.6897345256856292,1,0.620548520915427,1,0.585,0,0.48554580744737247,1,0.7298282
0076-LVEPS,0,0,0.2334346911245507,0,0.36823024398923526,0,0.13,0,0.1133715721974623,0,0.051202133
5566-SOEZD,0,0,0.2538712589496364,0,0.09828552431610921,0,0.16,0,0.10809869012339753,0,0.02054025
7408-OFWXJ,0,0,0.03267672924220647,0,0.0,0,0.0,0,0.012772518915697553,0,0.0005524855
1097-FSPVW,0,0,0.16243696062847507,0,0.18511302617198014,0,0.215,0,0.09026790635110342,0,0.31234425
4412-YLTKF,1,1,0.7624240309656402,1,0.7523359432701114,1,0.55,0,0.4801528998865981,1,0.6935754
0420-TXVSG,0,0,0.04765918791180288,0,0.0,0,0.06,0,0.028213806899595566,0,0.0027461695
7817-BOQPW,1,1,0.9183502703376061,1,0.8961053540356392,1,0.925,1,0.7693806630879438,1,0.9350291
0963-ZBDRN,1,1,0.7111044740897398,1,0.7523359432701114,1,0.525,0,0.4116521876036152,0,0.37385195
9685-WKZGT,1,1,0.8176546123299829,1,0.7523359432701114,1,0.58,1,0.6534679389529604,1,0.8613991
2139-FQHLM,0,1,0.5516216880458573,1,0.620548520915427,0,0.32,0,0.2684931920355694,0,0.1949506
5825-XJOCM,0,0,0.10167423858489257,0,0.09828552431610921,0,0.09,0,0.046833607056202556,0,0.014486769
0004-TLHLJ,1,1,0.8906429487367591,1,0.7647086999958926,1,0.625,1,0.660609535675382,1,0.5720847
7529-ZDFXI,0,1,0.7150548818922681,1,0.5356541995599842,0,0.495,0,0.3782154251916897,0,0.30632934
6848-YLDFR,0,0,0.14195026956794152,0,0.4547152399367194,0,0.145,0,0.07648081166061885,0,0.27451682
5820-PTRYM,0,0,0.11525384649445532,0,0.09828552431610921,0,0.105,0,0.04622071461325318,0,0.0036016724
2984-RGEYA,0,0,0.013112823712236937,0,0.03470743119727614,0,0.035,0,0.019086146062422673,0,0.0009331191
6434-TTGJP,0,0,0.10636518402042973,0,0.0,0,0.085,0,0.046364208727763014,0,0.009361921
9643-AVVWI,0,1,0.8126485876186529,1,0.7647086999958926,1,0.79,1,0.5723771971671,1,0.8823105
3506-OVLKD,0,0,0.08431090968020967,0,0.013198173492684975,0,0.44,0,0.039761937188548035,0,0.14931312
4946-EDSEW,1,0,0.25508300333235306,0,0.38958713069890827,0,0.14,0,0.06704586211498677,0,0.028812114
2924-KHUVI,0,1,0.5333723847492446,1,0.507957581876906,0,0.4,0,0.20925589877543774,1,0.7604048
2263-SFSQZ,0,0,0.03844440752993222,0,0.03470743119727614,0,0.065,0,0.022819275023879836,0,0.14525183
5281-BUZGT,1,1,0.7102636037810541,1,0.7523359432701114,0,0.455,0,0.4033360621957536,0,0.25471613
3717-FDJFU,0,0,0.09746063693803098,0,0.03470743119727614,0,0.015,0,0.030516510754223455,0,0.0005622947
2239-CFOUJ,0,0,0.2268842178224349,0,0.10692085880259697,0,0.185,0,0.18893021027101473,0,0.009968999
8699-ASUFO,1,1,0.8177837040051233,1,0.7647086999958926,1,0.83,1,0.6187995064102236,1,0.9040352
1122-YJBCS,0,0,0.07657255328576969,0,0.09828552431610921,0,0.095,0,0.05172833207802475,0,0.0137799075
0628-CNQRM,1,0,0.15894744831414945,1,0.847027524813261,0,0.145,0,0.0655408207121327,0,0.2148957
1705-GUHPV,0,0,0.02462738731062989,0,0.03470743119727614,0,0.0,0,0.017444950523545538,0,0.00021841546
4877-TSOFF,0,0,0.10807539424109329,0,0.21969408788117387,0,0.195,0,0.06375150788565677,0,0.0050442317
7404-JLKQG,0,1,0.7567518790454462,1,0.5093735898592938,0,0.43,0,0.38266562412220206,0,0.4835844
0379-DJQHR,0,0,0.036070784528160316,0,0.0,0,0.01,0,0.025467581890738975,0,0.0069607887
8993-PHFWD,1,1,0.7775586721171933,1,0.7608170990329183,1,0.63,0,0.42097405691610923,1,0.6814712
3930-ZGWVE,0,0,0.4207897168233396,1,0.6222308228686201,1,0.7622738095238095,0,0.33056983215630176,1,0.6741904
1965-DDBWU,1,1,0.7244937321127879,1,0.620548520915427,0,0.375,0,0.45431066019988803,1,0.7659447
7572-KPVKK,0,0,0.26217903659481195,1,0.9432185043108359,0,0.495,0,0.3363171222063932,1,0.6313148
6854-EXGSF,0,0,0.4572645244633858,0,0.38958713069890827,0,0.255,0,0.2370923066912925,0,0.053817816
9483-GCPWE,0,0,0.1081332090158476,0,0.10692085880259697,0,0.065,0,0.04711604750228762,0,0.013622046
8053-WWDRO,1,0,0.3958134187530313,0,0.38958713069890827,0,0.24,0,0.09500493448658487,0,0.12124526
9473-CBZOP,0,0,0.1496235724685744,0,0.013198173492684975,0,0.035,0,0.046663655815154165,0,0.008159061
3985-HOYPM,0,0,0.07769969012401635,0,0.013198173492684975,0,0.005,0,0.03507767687965901,0,0.0005335901
8378-LKJAF,0,1,0.6978121205681229,1,0.620548520915427,1,0.705,1,0.5180936140271171,1,0.6261587
1310-QRITU,0,1,0.5758936353864822,0,0.38958713069890827,1,0.55,0,0.3422965583141282,0,0.4571698
3237-AJGEH,1,1,0.6819846172319299,1,0.7608170990329183,0,0.46,0,0.32548053157077067,0,0.48215938
6542-LWGXJ,0,1,0.7242956559530933,1,0.7608170990329183,1,0.525,0,0.34866230869589465,1,0.5066821
6953-PBDIN,0,0,0.04526912898739962,0,0.0,0,0.015,0,0.030028902405392004,0,0.017150382
6332-FBZRI,0,0,0.06670907386794131,0,0.09828552431610921,0,0.14,0,0.04117738769988984,0,0.032938108
9365-CSLBQ,0,0,0.01719211158748988,0,0.03470743119727614,0,0.005,0,0.013753383920851127,0,0.00020109216
3466-WAESX,0,0,0.49891819776791546,0,0.38958713069890827,0,0.36,0,0.2916391507393984,0,0.12173974
9700-ISPUP,0,1,0.5091919547968426,0,0.38958713069890827,0,0.315,0,0.3274779251012925,0,0.15378003
5167-ZFFMM,1,1,0.9061428421397028,1,0.9506405885519463,1,0.915,1,0.843129088787272,1,0.9945075
7669-LCRSD,0,1,0.5138980061675801,0,0.38958713069890827,0,0.2,0,0.24539795649184737,1,0.54504496
0870-VEMYL,1,0,0.44029198987269746,1,0.7608170990329183,0,0.5,0,0.2024034213669917,0,0.46891898
2995-UPRYS,1,0,0.4180773076249832,0,0.4547152399367194,0,0.34,0,0.26236524221615565,0,0.4441895
3179-GBRWV,0,0,0.4000774378287627,0,0.38958713069890827,0,0.24,0,0.17313452614625516,0,0.2964126
0701-TJSEF,0,0,0.42516827310830935,0,0.38958713069890827,0,0.21,0,0.1996511663360492,0,0.14409529
1848-LBZHY,0,0,0.4266535341268219,0,0.38958713069890827,0,0.395,0,0.21588346431814115,0,0.24285015
5380-XPJNZ,0,0,0.05822451549891771,0,0.013198173492684975,0,0.0,0,0.030442567432999168,0,0.00013135267
6608-QQLVK,1,1,0.7756387367181016,1,0.7608170990329183,1,0.775,1,0.6815388440258513,1,0.93623596
1475-VWVDO,0,1,0.7941112939493489,1,0.7647086999958926,1,0.64,1,0.617626439268258,0,0.39264524
3721-CNEYS,1,1,0.8895810124248109,1,0.7647086999958926,1,0.89,1,0.6647506892515862,1,0.86474925
4299-OPXEJ,0,0,0.02905643179396694,0,0.03470743119727614,0,0.03,0,0.024331001184836786,0,0.11383415
0096-BXERS,0,1,0.7512623259049944,0,0.38958713069890827,0,0.485,0,0.3087480191051994,1,0.7499831
3055-VTCGS,0,0,0.12411176643177992,0,0.1609897315078234,0,0.055,0,0.07433609356916636,0,0.0041848426
9405-GPBBG,0,0,0.19387118381268897,0,0.07330334372343442,0,0.145,0,0.07312855419618042,0,0.065208174
6704-UTUKK,0,1,0.6964423890046728,1,0.5756590058215597,0,0.33,0,0.3753266675920051,1,0.619989
9944-AEXBM,0,1,0.696608908599645,1,0.620548520915427,1,0.625,0,0.37817346806750857,1,0.6820697
2545-EBUPK,0,1,0.9485550475648835,1,0.8961053540356392,1,0.955,1,0.852032661763275,1,0.9822757
6270-OMFIW,1,0,0.4889325744553056,0,0.4547152399367194,0,0.3,0,0.1888772629482675,0,0.41875613
1852-XEMDW,0,0,0.27715578368511534,0,0.38958713069890827,0,0.2,0,0.11826386030273559,0,0.1357543
8158-WPEZG,0,1,0.5880528951044559,1,0.5756590058215597,0,0.24,0,0.3261342653638247,0,0.20931093
5198-EFNBM,0,0,0.46468541993685697,0,0.37235733349326783,0,0.37,0,0.16235046994636676,0,0.20307498
7663-RGWBC,1,1,0.7060802887739646,1,0.7608170990329183,0,0.2,1,0.5779963509975371,1,0.7216694
3970-XGJDU,0,0,0.025813129029490164,0,0.03470743119727614,0,0.035,0,0.0229151018484116,0,0.0014758348
6845-RGTYS,1,1,0.5954034480049324,1,0.7523359432701114,1,0.505,0,0.33021671591582535,0,0.3474803
0123-CRBRT,0,0,0.0421387038685267,0,0.0,0,0.0,0,0.019973095303394094,0,0.00030258775
6077-BDPXA,0,1,0.8876316658461707,1,0.7647086999958926,1,0.51,1,0.6565876331934852,1,0.6526079
2250-IVBWA,0,0,0.27759362602262516,1,0.5356541995599842,0,0.26,0,0.1438480525262149,0,0.047218245
6137-NICCO,0,1,0.8740852878183445,1,0.8961053540356392,1,0.91,1,0.7690580628470142,1,0.9680371
8129-GMVGI,0,0,0.017548266986117694,0,0.03470743119727614,0,0.005,0,0.019069467970905044,0,0.010985725
4353-HYOJD,0,0,0.21725635941014715,0,0.18511302617198014,0,0.095,0,0.0872699563860907,0,0.027642008
8671-KKKOS,0,0,0.32232628788621753,1,0.5756590058215597,0,0.225,0,0.19261273111028632,0,0.12792765
8080-DDEMJ,1,1,0.7407001291994753,1,0.7608170990329183,1,0.64,1,0.637459362633688,1,0.8086867
6698-OXETB,0,0,0.05660189304688236,0,0.03470743119727614,0,0.03,0,0.023553297436160015,0,0.00056270696
3312-UUMZW,0,1,0.7414245991859743,1,0.620548520915427,1,0.56,0,0.4615853273876116,1,0.7791794
6376-GAHQE,1,1,0.8859115910239643,1,0.7647086999958926,1,0.775,1,0.539655322921794,1,0.74861956
0733-VUNUW,1,0,0.3697635998132472,0,0.18511302617198014,0,0.345,0,0.13965472942203103,0,0.2491187
6733-LRIZX,0,0,0.3161759894590326,1,0.58058633749474,0,0.285,0,0.1752148203486935,0,0.15697467
2165-VOEGB,1,0,0.22114165563117633,0,0.3027881159870882,0,0.315,0,0.14371011158046484,0,0.0659015
1853-UDXBW,1,1,0.8783926794559132,1,0.9506405885519463,1,0.925,1,0.8163954673780962,1,0.966651
9070-BCKQP,0,0,0.1449134966722201,0,0.0,0,0.1,0,0.03781430910287181,0,0.004004922
1035-IPQPU,0,1,0.7451430907587856,1,0.5356541995599842,1,0.545,0,0.39327853375231664,1,0.5417261
2057-ZBLPD,1,1,0.8177017782691164,1,0.7523359432701114,1,0.67,1,0.6346642572186141,1,0.7611534
6967-PEJLL,0,0,0.17695081040642266,0,0.2435278889150389,0,0.265,0,0.06785543765786936,0,0.2489817
7879-CGSFV,0,0,0.3288993221366429,1,0.507957581876906,0,0.19,0,0.1953161930202221,0,0.053324476
2257-BOVXD,0,1,0.5228671948880753,0,0.38958713069890827,0,0.41,0,0.204190878757971,0,0.119576566
9822-BIIGN,0,0,0.24140158454404906,0,0.18511302617198014,0,0.16,0,0.11076926075425068,0,0.09722274
1136-XGEQU,0,0,0.2108893002853395,0,0.4547152399367194,0,0.145,0,0.09709859559304679,0,0.1390771
2439-LYPMQ,0,1,0.8133750291943752,1,0.7523359432701114,1,0.885,1,0.650646858279173,1,0.9164318
6543-XRMYR,1,1,0.8243478126254242,1,0.7523359432701114,1,0.84,1,0.5656520063890469,1,0.7923685
5753-QQWPW,0,0,0.14324556042679132,0,0.0,0,0.07,0,0.05995315461704736,0,0.052002355
4785-QRJHC,1,0,0.2866947821848722,0,0.4547152399367194,0,0.28,0,0.113971939624155,1,0.57257146
0052-YNYOT,0,0,0.0542250161915731,0,0.0,0,0.125,0,0.041994932871152864,0,0.012315342
7054-LGEQW,1,1,0.6181180746314655,1,0.7608170990329183,1,0.525,1,0.5166161154565475,1,0.72890455
0608-JDVEC,0,0,0.036595082212872145,0,0.0,0,0.03,0,0.02566445014300902,0,0.0045780106
6284-KMNUF,0,1,0.5308067907532561,0,0.21969408788117387,0,0.38,0,0.227541399036501,1,0.7532277
6286-SUUWT,0,0,0.42033078950090585,1,0.6222308228686201,1,0.7395178571428572,0,0.33056983215630176,1,0.7167779
3594-KADLU,0,1,0.5774384384219426,1,0.7608170990329183,1,0.52,0,0.24693575338046742,0,0.20039572
0536-ACXIP,0,0,0.2239204961298161,0,0.0,0,0.09,0,0.05561843780972115,0,0.0017981012
8869-TORSS,1,0,0.0788410496096022,0,0.013198173492684975,0,0.11,0,0.043848492220139805,0,0.1383104
0373-AIVNJ,0,0,0.25153198194635623,0,0.10692085880259697,0,0.18,0,0.12158634955737883,0,0.30982417
6429-SHBCB,0,1,0.5560187955698921,0,0.38958713069890827,0,0.26,0,0.1835097146772193,0,0.1282987
5751-USDBL,0,0,0.04063094308896275,0,0.03470743119727614,0,0.03,0,0.023575967127938528,0,0.0027205686
6815-ABQFQ,0,1,0.5110226848375647,1,0.507957581876906,1,0.52,0,0.3076215448360083,1,0.67896867
9450-TRJUU,0,1,0.6894602229595069,1,0.7523359432701114,0,0.455,0,0.4075987367674621,1,0.55971473
2805-AUFQN,0,0,0.03353774726478465,0,0.03470743119727614,0,0.075,0,0.01705367045927361,0,0.0023169694
7855-DIWPO,0,1,0.7016970776027032,1,0.7523359432701114,1,0.565,1,0.515476113401197,1,0.66248083
0174-QRVVY,0,0,0.017761594636875957,0,0.03470743119727614,0,0.0,0,0.013753383920851127,0,0.00032774144
9507-EXLTT,1,1,0.8891056829564631,1,0.9506405885519463,1,0.92,1,0.8447535828631746,1,0.9639546
8390-FESFV,0,0,0.06647900204421801,0,0.0,0,0.0,0,0.025642961469191865,0,0.0020754298
0661-KBKPA,0,0,0.22913927286263344,0,0.4547152399367194,0,0.225,0,0.08729677492783292,0,0.36620697
6856-RAURS,0,1,0.8844808306263772,1,0.7647086999958926,1,0.8575,1,0.7035084680357944,1,0.746118
7322-OCWHC,0,0,0.08867752926571264,0,0.0,0,0.115,0,0.016038173065274698,0,0.0030791133
2203-GHNWN,0,1,0.6835861358177799,1,0.620548520915427,0,0.305,0,0.37986773857797257,1,0.56912214
3413-CSSTH,0,0,0.3555542880296393,0,0.18511302617198014,0,0.15,0,0.1550331299916327,0,0.07688195
3006-XIMLN,1,1,0.9201581070746018,1,0.8961053540356392,1,0.975,1,0.8851859437398131,1,0.9555291
3750-CKVKH,1,1,0.8945027116464471,1,0.7647086999958926,1,0.705,1,0.6647506892515862,1,0.73687536
0576-WNXXC,1,1,0.8000885099092079,1,0.7523359432701114,1,0.76,0,0.4771277389818665,0,0.33125004
7056-IMHCC,1,1,0.784724082351405,1,0.7523359432701114,1,0.67,1,0.5744358562607995,1,0.9018486
0866-QLSIR,1,0,0.12192026574189342,0,0.09828552431610921,0,0.025,0,0.04571705148789304,0,0.013902542
1628-BIZYP,0,1,0.9112977794402652,1,0.9506405885519463,1,0.895,1,0.8580556012737242,1,0.9728147
2230-XTUWL,0,0,0.017192853863819215,0,0.03470743119727614,0,0.015,0,0.017073697564426477,0,0.0019700665
1980-KXVPM,1,1,0.8997770004925153,1,0.8961053540356392,1,0.935,1,0.7602416950406309,1,0.9675885
8619-IJNDK,0,0,0.013507052390132711,0,0.0,0,0.015,0,0.01535925007261762,0,0.0014610306
2960-NKRSO,0,1,0.5915196816938711,1,0.7523359432701114,0,0.465,0,0.3528197575697562,0,0.21052496
6705-LXORM,0,1,0.8664645723052249,1,0.7647086999958926,0,0.485,1,0.5843324235084294,1,0.6135149
7130-VTEWQ,1,1,0.8535383889311515,1,0.7647086999958926,1,0.715,1,0.71520363972942,1,0.90689343
9364-YKUVW,0,0,0.24594444240442653,0,0.38958713069890827,0,0.31,0,0.09468922790917393,0,0.1818248
2761-OCIAX,1,1,0.8966378166721093,1,0.8961053540356392,1,0.665,1,0.6511426575372604,1,0.88606805
7996-BPXHY,0,0,0.07074838136252093,0,0.03470743119727614,0,0.03,0,0.029261868362296155,0,0.0012409816
4248-QPAVC,1,1,0.6705729532973305,1,0.620548520915427,0,0.44,0,0.3663792360621665,0,0.43913028
9357-UJRUN,0,0,0.24686109357268432,0,0.2435278889150389,0,0.3,0,0.10132764216783217,0,0.17561907
6340-DACFT,0,0,0.019947220644597172,0,0.03470743119727614,0,0.0,0,0.018591964528264445,0,0.00028750737
1023-BQXZE,0,0,0.0841548874029954,0,0.03470743119727614,0,0.08,0,0.031041619088008496,0,0.04098049
5480-HPRRX,1,1,0.8050983496673167,1,0.7608170990329183,1,0.85,1,0.5442482980937579,1,0.80026394
9576-SYUHJ,0,1,0.6717964336106969,1,0.7523359432701114,0,0.405,0,0.37372356265684975,1,0.62295914
2169-RRLFW,0,0,0.021229199636564333,0,0.03470743119727614,0,0.0,0,0.013920735330599902,0,0.001351774
8338-QIUNR,0,0,0.029360160251042138,0,0.03470743119727614,0,0.075,0,0.012217474640010256,0,0.00025754288
0463-TXOAK,0,0,0.025746449917005115,0,0.03470743119727614,0,0.045,0,0.019193092342378548,0,0.015614554
4396-KLSEH,0,1,0.5800225645162979,0,0.2763432424763395,0,0.17,0,0.17813267761695636,0,0.1257334
5186-EJEGL,0,0,0.4212005729238405,0,0.38958713069890827,0,0.43,0,0.21274197520321844,0,0.2604311
9334-GWGOW,0,1,0.8650180133108459,1,0.7647086999958926,1,0.825,1,0.71520363972942,1,0.84641546
5696-JVVQY,0,0,0.04581529737241129,0,0.0,0,0.08,0,0.0282503774431068,0,0.032206524
9633-DENPU,0,0,0.2952865221023615,0,0.18511302617198014,0,0.25,0,0.1511004601977887,0,0.28753608
0581-BXBUB,0,1,0.8525112799041241,1,0.7647086999958926,1,0.625,1,0.5423938946855115,0,0.26501808
2750-BJLSB,0,0,0.37139268435792955,1,0.507957581876906,1,0.565,0,0.22940360350435846,0,0.2302593
2770-NSVDG,0,1,0.5113045010393373,1,0.5756590058215597,0,0.49,0,0.2585435611977008,0,0.4213421
8280-MQRQN,1,1,0.6983247867197547,1,0.7608170990329183,1,0.885,1,0.6019356807172193,1,0.9184678
7851-FLGGQ,1,1,0.7690891785477026,1,0.7608170990329183,1,0.63,0,0.2837283239367706,1,0.8692786
9374-YOLBJ,0,0,0.4621703404298324,1,0.6222308228686201,1,0.505,0,0.3848704190597204,1,0.6264234
6583-SZVGP,0,0,0.2717462415293397,0,0.0,0,0.435,0,0.1906579042196451,0,0.23192596
2150-OEGBV,0,0,0.07493474998125066,0,0.013198173492684975,0,0.02,0,0.03507767687965901,0,0.052819222
9372-TXXPS,0,0,0.020710837932694987,0,0.0,0,0.005,0,0.019796826635930437,0,0.0016488023
6933-FHBZC,0,0,0.18811224989362937,0,0.09828552431610921,0,0.18,0,0.06877435818224323,0,0.110786855
4698-KVLLG,0,0,0.02721066941160049,0,0.24937741002570699,0,0.02,0,0.022738482582760927,0,0.0010816411
8752-STIVR,1,1,0.913178252777805,1,0.7647086999958926,1,0.9,1,0.674515061213106,1,0.8700094
8623-ULFNQ,0,1,0.5650907652054026,0,0.18511302617198014,0,0.315,0,0.25762423038962773,0,0.32788223
9822-WMWVG,0,1,0.5403884299770966,1,0.7523359432701114,0,0.44,0,0.3074953554845281,0,0.31173876
4304-TSPVK,0,0,0.101526203993295,0,0.07330334372343442,0,0.095,0,0.054793233861411474,0,0.09428077
1716-LSAMB,0,0,0.02277843637699425,0,0.03470743119727614,0,0.075,0,0.023684130016913472,0,0.0126438355
3523-QRQLL,1,0,0.28845103655004567,0,0.4547152399367194,0,0.295,0,0.14535583608654665,0,0.2844356
2187-PKZAY,0,1,0.7663490255096638,1,0.8961053540356392,1,0.665,1,0.5423918851270974,1,0.6215831
1895-QTKDO,0,1,0.6224547272526199,1,0.7608170990329183,0,0.495,0,0.47929057172425166,0,0.4278635
8161-QYMTT,0,1,0.9086006894784161,1,0.8961053540356392,1,0.975,1,0.827337068125855,1,0.93876165
2955-PSXOE,1,0,0.49511779404831463,1,0.6222308228686201,1,0.53025,0,0.37743048641026367,1,0.7706411
6834-NXDCA,1,1,0.6361609665887971,1,0.5756590058215597,1,0.54,0,0.4788442777603463,1,0.5789915
8701-DGLVH,0,0,0.023892179652563347,0,0.03470743119727614,0,0.01,0,0.019129867088536995,0,0.00049573625
2480-SQIOB,0,1,0.6567331773521267,1,0.7608170990329183,0,0.5,0,0.3262011409787467,1,0.67847353
4993-JCRGJ,0,1,0.596611965004595,1,0.620548520915427,0,0.32,0,0.318776390060949,1,0.5146159
0581-MDMPW,0,1,0.7360940098154355,1,0.620548520915427,0,0.48,0,0.42308187167301137,1,0.6964982
7789-CRUVC,0,0,0.3732354071459038,0,0.38265023112480734,0,0.185,0,0.10428358614677068,0,0.03994299
0164-APGRB,0,0,0.17081580292366563,0,0.0,0,0.02,0,0.036357558110800374,0,0.0021092491
8034-RYTVV,0,0,0.29319615057989545,0,0.013198173492684975,0,0.045,0,0.09189388133019073,0,0.029287895
3018-TFTSU,1,1,0.5325783740090838,1,0.7647086999958926,0,0.44,0,0.3030324084533987,0,0.32977137
9777-IQHWP,0,0,0.10666396105989276,0,0.03470743119727614,0,0.115,0,0.03547950790203981,1,0.628905
6899-PPEEA,1,1,0.8200319280341252,1,0.7523359432701114,1,0.865,1,0.5748665575784699,1,0.8467374
6701-YVNQG,0,0,0.05804569436242006,0,0.0,0,0.0,0,0.014617938686538823,0,8.3121544e-05
7649-PHJVR,0,0,0.12638973404285522,0,0.10692085880259697,0,0.02,0,0.043152108860339815,0,0.001749388
9278-VZKCD,0,1,0.7221939731771928,1,0.7523359432701114,0,0.36,0,0.3738631876122561,0,0.44529518
7636-PEPNS,0,0,0.11898022854265217,0,0.013198173492684975,0,0.075,0,0.06494666611409326,0,0.006820504
1575-KRZZE,0,1,0.5725255456506058,1,0.7608170990329183,1,0.835,0,0.22826590418741463,0,0.4169756
8590-OHDIW,0,0,0.04934015221282061,0,0.013198173492684975,0,0.0,0,0.03544686303752808,0,0.0012256264
7764-BDPEE,0,0,0.3564472521478182,0,0.2763432424763395,0,0.14366071428571428,0,0.1113879023199399,0,0.055420846
9480-BQJEI,0,0,0.3049703484608622,0,0.21969408788117387,0,0.285,0,0.1324236997148888,0,0.16995786
3354-OADJP,0,0,0.15314192794601433,0,0.10692085880259697,0,0.13,0,0.08658280930628001,0,0.022177108
3181-MIZBN,0,0,0.21503078363605793,0,0.38958713069890827,0,0.31,0,0.12270909294169555,1,0.74630606
9327-QSDED,0,0,0.42752750258688976,0,0.38958713069890827,0,0.31,0,0.20186142086145364,0,0.3334389
4892-VLANZ,1,0,0.42067497212528887,1,0.6222308228686201,1,0.7361904761904762,0,0.33056983215630176,1,0.6741904
0298-XACET,0,0,0.06013478545235597,0,0.0,0,0.03,0,0.02665358723838878,0,0.003612759
6917-FIJHC,0,0,0.028925164625733295,0,0.03470743119727614,0,0.01,0,0.012984496464377578,0,9.963202e-05
6557-BZXLQ,0,1,0.6881294471912124,1,0.7523359432701114,1,0.685,0,0.491208782102326,1,0.7716968
2432-TFSMK,0,1,0.6141822261799792,0,0.10692085880259697,0,0.22,0,0.2667760430445722,0,0.25252745
4211-MMAZN,1,0,0.41964265692329356,1,0.6222308228686201,0,0.14898809523809525,0,0.3158231411249595,0,0.34024706
4751-ERMAN,0,0,0.06342626619611962,0,0.0,0,0.08,0,0.020764525765960065,0,0.013301652
8430-TWCBX,0,0,0.05798291640455885,0,0.013198173492684975,0,0.075,0,0.03507767687965901,0,0.0014141013
1942-OQFRW,0,1,0.7112569413163917,1,0.7608170990329183,0,0.4,1,0.5501176222509045,0,0.44551125
4075-JFPGR,0,0,0.36820725532659315,0,0.37235733349326783,0,0.305,0,0.11777055689085653,0,0.23418929
3339-EAQNV,0,0,0.45435731457165773,0,0.4547152399367194,0,0.21,0,0.11937398028869595,0,0.0138315065
5329-KRDTM,0,0,0.04865118665396857,0,0.0,0,0.15,0,0.01845324881699341,0,0.022289136
0307-BCOPK,0,0,0.09638112236404846,0,0.10692085880259697,0,0.015,0,0.020717058014796553,0,0.00020756341
6473-ULUHT,0,0,0.42326221817288684,0,0.38958713069890827,0,0.29,0,0.22326161967881847,0,0.036157846
1194-SPVSP,0,0,0.4185220282975589,1,0.6222308228686201,0,0.34337499999999993,0,0.33056983215630176,0,0.3898383
7249-WBIYX,1,1,0.8723298899769403,1,0.8961053540356392,1,0.895,1,0.7402555052838038,1,0.7779805
2293-IJWPS,0,1,0.5201372757570767,1,0.507957581876906,0,0.49,0,0.33531574856205254,1,0.54451936
4377-VDHYI,0,0,0.37818666833695735,0,0.21969408788117387,0,0.34,0,0.19088967603865623,0,0.1055833
0019-EFAEP,0,0,0.11857507890705327,0,0.0,0,0.05,0,0.03385667299006176,0,0.0013887349
2480-EJWYP,0,1,0.5185160675941942,0,0.4547152399367194,1,0.53,0,0.2450590095193885,1,0.5615076
8970-ANWXO,0,0,0.36339607174602606,0,0.4547152399367194,0,0.17,0,0.10996312080665671,0,0.044265233
8739-WWKDU,1,1,0.7973934060949663,1,0.7523359432701114,1,0.84,1,0.5988598729225244,1,0.8557757
2171-UDMFD,0,0,0.15307102784699148,0,0.18511302617198014,0,0.105,0,0.08370929022035004,0,0.02150667
7036-TYDEC,0,0,0.2044256453387202,0,0.0,0,0.255,0,0.11508831818289086,0,0.33294064
3831-YCPUO,0,0,0.07998942350404274,0,0.0,0,0.025,0,0.025699444428403533,0,0.0056792875
0121-SNYRK,0,0,0.1382937904183929,0,0.013198173492684975,0,0.065,0,0.055098288462505765,0,0.0009885493
3325-FUYCG,1,0,0.4605435860705478,0,0.3027881159870882,0,0.395,0,0.1529945934026659,0,0.02721805
1952-DVVSW,0,0,0.12877712256834878,0,0.10692085880259697,0,0.17,0,0.0377380646339375,0,0.010001925
3571-DPYUH,0,0,0.2923194377056902,0,0.09828552431610921,0,0.195,0,0.08603221621548388,0,0.07238412
2077-MPJQO,0,1,0.8654679198949883,1,0.7647086999958926,1,0.775,1,0.7208510356108419,1,0.93804175
2391-SOORI,1,1,0.5663133517520598,1,0.7608170990329183,1,0.51,0,0.22161471332637042,0,0.4478054
4086-ATNFV,0,0,0.1018754471161518,0,0.09828552431610921,0,0.035,0,0.050201097740104374,0,0.027774831
3396-DKDEL,0,0,0.11071440665129709,0,0.07330334372343442,0,0.065,0,0.03866030140281727,0,0.038735647
7471-MQPOS,0,0,0.13133003390649442,0,0.4547152399367194,0,0.37,0,0.05363282840554702,0,0.039413236
7181-OQCUT,0,1,0.6787714945136805,1,0.620548520915427,1,0.77,0,0.4843407549685772,1,0.84077644
3489-VSFRD,0,0,0.0805520538846546,0,0.013198173492684975,0,0.085,0,0.04251824795395648,0,0.016900131
6283-GITPX,0,0,0.024519650040699677,0,0.0,0,0.045,0,0.014856881586334724,0,0.00047374165
2845-HSJCY,1,1,0.8164560246790822,1,0.7523359432701114,1,0.805,1,0.6960028495655025,1,0.8521783
7216-KAOID,0,0,0.047631372709429624,0,0.013198173492684975,0,0.0,0,0.03544686303752808,0,0.0054779653
6680-WKXRZ,1,1,0.8412947491048528,1,0.7647086999958926,1,0.8191666666666666,1,0.5652038096007347,1,0.601651
2346-LOCWC,0,0,0.016734630225822528,0,0.03470743119727614,0,0.0,0,0.01833685543521602,0,0.0045109447
0769-MURVM,0,0,0.036257062660552314,0,0.0,0,0.005,0,0.015100463981374223,0,0.00016615029
3374-LXDEV,1,1,0.6369381060236526,1,0.8961053540356392,0,0.49,0,0.48553444434682763,1,0.5622206
5318-YKDPV,0,0,0.06122425180170446,0,0.03470743119727614,0,0.08,0,0.023889393465497382,0,0.0075718933
8190-ZTQFB,0,0,0.44984587596677506,0,0.4547152399367194,0,0.33,0,0.24231358722697452,0,0.190663
4512-ZUIYL,1,1,0.799205539287622,1,0.7647086999958926,1,0.7006666666666667,1,0.5272852827790973,0,0.19472896
3090-QFUVD,0,0,0.41172535617771155,1,0.6222308228686201,0,0.1075,0,0.30077200230928464,0,0.23235926
4806-KEXQR,1,1,0.9174172669946761,1,0.7647086999958926,1,0.77,1,0.68847520833983,1,0.9078582
2369-FEVNO,0,1,0.5063132257552776,1,0.6222308228686201,0,0.47608333333333336,0,0.37743048641026367,1,0.8110855
9637-CDTKZ,0,0,0.13268570492674012,0,0.0,0,0.005,0,0.036578538058638595,0,0.0035706449
2954-PIBKO,0,0,0.03091407690113527,0,0.03470743119727614,0,0.125,0,0.021797382592131685,0,0.044488315
2212-LYASK,0,0,0.2962108551638736,0,0.4547152399367194,0,0.17,0,0.15400423311136188,0,0.14518642
9481-SFCQY,0,0,0.4495202522830063,0,0.38958713069890827,0,0.46,0,0.1899765442378796,0,0.40825304
2828-SLQPF,0,0,0.406645694622916,0,0.38958713069890827,0,0.305,0,0.1861800362046839,0,0.44935983
4647-MUZON,0,1,0.766719936860583,1,0.620548520915427,1,0.69,0,0.47010974248479315,1,0.5624985
8212-DJRCH,0,1,0.8145059528735676,1,0.8961053540356392,1,0.755,1,0.5890400330157451,1,0.81123906
0516-OOHAR,0,0,0.3828217646070156,0,0.3027881159870882,0,0.385,0,0.18631730349371037,0,0.07726465
4973-RLZVI,0,0,0.09609721440318805,0,0.09828552431610921,1,0.515,0,0.055141529264213424,0,0.067261934
8089-UZWLX,0,0,0.20149107802207114,0,0.13659389799184862,0,0.18,0,0.06351854254745493,0,0.02710159
9732-KPKBW,1,1,0.645445496023555,1,0.7608170990329183,1,0.52,0,0.37033923446469985,1,0.5754863
9715-WZCLW,0,0,0.22232185937054458,0,0.37235733349326783,0,0.135,0,0.04606385203275699,0,0.028006086
0257-KXZGU,0,0,0.24932761723776709,0,0.18511302617198014,0,0.14,0,0.10625376419032513,0,0.36290428
0707-HOVVN,0,0,0.06628916598113273,0,0.0,0,0.2,0,0.03435725971118784,0,0.09451214
5501-TVMGM,0,1,0.8257263708922435,1,0.7608170990329183,1,0.845,1,0.6913503723476117,1,0.8662902
3422-LYEPQ,1,1,0.8773832573248609,1,0.9506405885519463,1,0.9,1,0.8163954673780962,1,0.9490139
2277-VWCNI,0,1,0.7118956476680687,1,0.7608170990329183,1,0.85,0,0.4322746571251999,1,0.6478262
5461-QKNTN,0,1,0.6722916842365225,1,0.7523359432701114,0,0.44,0,0.44517729143792484,1,0.55533546
3967-KXAPS,0,0,0.040556981104898464,0,0.0,0,0.0,0,0.021161982997100894,0,0.00031713126
6919-ELBGL,0,0,0.12441412681794935,0,0.0,0,0.0,0,0.026725987452708606,0,0.0012223311
8361-LTMKD,1,1,0.9037471697294842,1,0.7647086999958926,1,0.775,1,0.7060721171850141,1,0.90768796
1131-ALZWV,0,0,0.10748777058427447,0,0.10692085880259697,0,0.045,0,0.04277393166982087,0,0.046558175
5178-LMXOP,1,1,0.9637608205931109,1,0.9506405885519463,1,0.965,1,0.9273589588124279,1,0.9870669
8992-CEUEN,0,1,0.506773851950358,1,0.6222308228686201,0,0.495,1,0.537779826707646,0,0.1970639
3320-VEOYC,0,1,0.8912231150334349,1,0.7523359432701114,1,0.87,1,0.7685705501782272,1,0.8599483
3672-YITQD,1,1,0.7923293947721501,1,0.7523359432701114,1,0.76,1,0.525792591479333,1,0.7635532
6080-TCMYC,0,1,0.6330205999830202,1,0.7523359432701114,1,0.585,0,0.4365061028728845,1,0.6925874
6734-FQAJX,0,0,0.16737875678311412,0,0.0,0,0.25,0,0.14417436545619677,0,0.20421356
1063-DHQJF,0,0,0.08827857860618965,0,0.0,0,0.09,0,0.04577843988286068,0,0.006609636
3976-NLDEZ,0,0,0.41884023052343333,1,0.6222308228686201,1,0.97,0,0.3307721977556837,1,0.71984535
1729-VLAZJ,0,0,0.15885269594907309,0,0.10692085880259697,0,0.09,0,0.08609008883346027,0,0.018394327
3400-ESFUW,1,0,0.019696070504883225,0,0.0,0,0.0,0,0.02251613225384389,0,0.0020871647
5271-YNWVR,1,0,0.16540199368015035,0,0.07330334372343442,0,0.04,0,0.08307898918567329,0,0.029399073
1587-FKLZB,1,1,0.6437001301233841,0,0.38265023112480734,1,0.605,0,0.4722753667531109,1,0.9221242
0958-YHXGP,0,1,0.7211248492709293,1,0.7647086999958926,1,0.575,1,0.5066822979539354,1,0.6963863
1494-EJZDW,0,0,0.04771545537384221,0,0.03470743119727614,0,0.015,0,0.0219117418391481,0,0.006057956
1816-FLZDK,0,1,0.6647055652786223,1,0.7608170990329183,1,0.54,0,0.290249539154002,0,0.35800606
2075-PUEPR,0,0,0.01849459574066893,0,0.03470743119727614,0,0.035,0,0.018282363819210865,0,0.041713055
1833-TCXKK,0,1,0.6739290939547191,1,0.620548520915427,1,0.745,0,0.46747336283455365,1,0.72356343
1436-ZMJAN,0,1,0.6559003014442933,0,0.38958713069890827,0,0.365,0,0.2942812927598788,0,0.2231659
0106-UGRDO,0,0,0.18488278140255843,0,0.07330334372343442,0,0.025,0,0.07428838096792413,0,0.031563565
1069-XAIEM,1,1,0.9485520031049506,1,0.9506405885519463,1,0.985,1,0.9049341356731158,1,0.9934248
4213-HKBJO,0,0,0.03800381795501791,0,0.03470743119727614,0,0.085,0,0.020399839159613527,0,0.08126833
8345-MVDYC,0,0,0.04661233050672023,0,0.03470743119727614,0,0.025,0,0.025263889941091865,0,0.009568216
2672-OJQZP,0,1,0.6207817136528947,1,0.7608170990329183,1,0.69,0,0.49692632644873463,0,0.45633182
5136-RGMZO,0,0,0.46461224152009134,0,0.18511302617198014,0,0.15,0,0.1923897917729764,0,0.019830376
5774-QPLTF,0,0,0.06618774749697275,0,0.013198173492684975,0,0.055,0,0.033732371954780814,0,0.0037554083
5240-CAOYT,0,0,0.34623859625642744,0,0.38265023112480734,0,0.095,0,0.14678222498850488,0,0.06223368
3707-GNWHM,1,1,0.891442381140755,1,0.9506405885519463,1,0.94,1,0.811337263431916,1,0.9683487
5159-YFPKQ,1,1,0.8913075575452961,1,0.7647086999958926,1,0.865,1,0.6746081432293952,1,0.9222666
5052-PNLOS,1,1,0.9257135444767657,1,0.8961053540356392,1,0.82,1,0.7719067544137699,1,0.92452496
6173-GOLSU,0,1,0.6824777532332211,0,0.38265023112480734,1,0.565,0,0.34745929585161694,1,0.9270885
6661-HBGWL,1,1,0.7116920127497072,1,0.620548520915427,1,0.695,1,0.517560916017984,1,0.7990893
8207-VVMYB,0,0,0.03007176538076177,0,0.03470743119727614,0,0.015,0,0.02588973011104649,0,0.0015312284
5324-KTGCG,0,0,0.05332160797071607,0,0.2435278889150389,0,0.135,0,0.024516034566627525,0,0.007100226
7354-OIJLX,0,1,0.8347012124627861,1,0.7647086999958926,1,0.52,1,0.6962731637008415,1,0.7312456
9286-BHDQG,0,0,0.020878010092157808,0,0.0,0,0.01,0,0.016364388394093144,0,0.00031812873
3567-PQTSO,0,1,0.5528952128838132,0,0.3027881159870882,0,0.295,0,0.3331255324670665,0,0.22278021
3197-ARFOY,0,1,0.6215338659964279,1,0.620548520915427,1,0.62,0,0.44426970885885225,1,0.7411916
5698-BQJOH,1,1,0.8657457572622597,1,0.8961053540356392,1,0.895,1,0.7062159847418157,1,0.90936345
1090-ESELR,0,0,0.058293765693806586,0,0.0,0,0.055,0,0.03271623586649733,0,0.0015677328
0056-EPFBG,0,0,0.0870458990099971,0,0.03470743119727614,0,0.07,0,0.042855407048494214,0,0.012062385
4955-VCWBI,0,0,0.04446668835272134,0,0.013198173492684975,0,0.005,0,0.029596167092880012,0,0.001055734
4717-GHADL,0,0,0.11672492015054217,0,0.0,0,0.025,0,0.03690220673908981,0,0.009509052
0058-EVZWM,0,1,0.5400157644764989,0,0.38265023112480734,0,0.255,0,0.22958177422533527,0,0.2571858
7218-HKQFK,1,1,0.9231029595017307,1,0.8961053540356392,1,0.775,1,0.6700319648684532,1,0.817263
5057-RKGLH,0,0,0.04858083378142547,0,0.03470743119727614,0,0.02,0,0.024283373734668774,0,0.00075509324
2309-OSFEU,1,1,0.683246387011566,1,0.5756590058215597,0,0.395,0,0.43692232863775843,1,0.72808295
3429-IFLEM,0,0,0.020831868868884423,0,0.0,0,0.025,0,0.01572142532887442,0,0.0047330684
1550-LOAHA,1,1,0.5120231537527271,1,0.620548520915427,0,0.455,0,0.2548141613124092,0,0.4256435
1400-MMYXY,1,1,0.9569443803610151,1,0.8961053540356392,1,0.735,1,0.7498838037874378,1,0.9021414
7503-QQRVF,1,1,0.6624472477439425,1,0.620548520915427,1,0.725,0,0.3958257646410263,1,0.8076181
7504-UWHNB,0,1,0.5977929392606882,1,0.7523359432701114,1,0.69,0,0.33740245544530034,1,0.67217565
9565-JSNFM,1,0,0.3404356282013477,0,0.013198173492684975,0,0.21,0,0.15267899488298958,0,0.035022676
4735-BJKOU,0,0,0.024201568998181492,0,0.03470743119727614,0,0.0,0,0.01989352076146844,0,0.00346462
3580-GICBM,0,0,0.030294537841250253,0,0.03470743119727614,0,0.035,0,0.0195209180399484,0,0.024515161
7632-YUTXB,0,0,0.06509495192816386,0,0.10692085880259697,0,0.015,0,0.035092767088140894,0,0.0038886706
9412-ARGBX,1,0,0.10706320195196918,0,0.0,0,0.09,0,0.04162951291202952,0,0.0027845572
9576-ANLXO,1,1,0.846402193244561,1,0.7647086999958926,1,0.5875,1,0.5964665639538895,1,0.5149373
1110-KYLGQ,0,0,0.45083042105353005,0,0.38265023112480734,0,0.15,0,0.19723739161410953,0,0.105048165
8696-JKZNU,1,1,0.7120962852009256,1,0.7523359432701114,1,0.65,0,0.4801528998865981,1,0.63874245
8757-TFHHJ,0,1,0.6254597871392299,1,0.7608170990329183,1,0.56,0,0.32419703663559923,0,0.10927177
2955-BJZHG,1,1,0.6742801465653523,1,0.7523359432701114,1,0.54,0,0.4171496317278668,1,0.8163229
9048-JVYVF,1,1,0.8196724386103054,1,0.5093735898592938,0,0.405,0,0.4602317784916689,0,0.433405
0682-USIXD,0,1,0.7054070138843693,1,0.7523359432701114,1,0.54,0,0.4797318212589407,1,0.7059385
3884-UEBXB,0,0,0.02934513464389835,0,0.0,0,0.035,0,0.032294772657959485,0,0.0008061358
1776-SPBWV,0,0,0.07373262900366331,0,0.013198173492684975,0,0.005,0,0.042350014706443895,0,0.006690591
9050-QLROH,1,1,0.7686429662553141,1,0.620548520915427,0,0.425,0,0.44065644278584387,1,0.54205424
2925-VDZHY,0,0,0.034078882731734705,0,0.0,0,0.0,0,0.013417843547628119,0,0.00018916756
9512-UIBFX,1,1,0.661901163852297,1,0.620548520915427,0,0.5,0,0.28148378154812476,0,0.06121157
8676-TRMJS,1,1,0.8455509359253587,1,0.7647086999958926,1,0.7683333333333333,1,0.5771492157248216,1,0.686073
3334-CTHOL,1,1,0.7582398000806684,1,0.7608170990329183,1,0.7,1,0.5534223664447109,0,0.40691373
6331-LWDTQ,1,1,0.7147577498264642,0,0.38958713069890827,0,0.405,0,0.35679452875703854,0,0.22048353
3847-BAERP,0,0,0.29308999913531525,0,0.38958713069890827,0,0.11,0,0.10460634090388042,0,0.04429749
4709-LKHYG,0,0,0.08421369185041602,0,0.0,0,0.025,0,0.03906952460976132,0,0.0134735415
8621-MNIHH,1,1,0.7713128773897763,1,0.7523359432701114,1,0.575,0,0.4955301150283406,1,0.6484375
8884-ADFVN,1,1,0.9216009862089178,1,0.8961053540356392,1,0.95,1,0.858536761685626,1,0.9438947
2885-HIJDH,0,0,0.04018078516151377,0,0.03470743119727614,0,0.035,0,0.02551830935585063,0,0.005149747
8570-KLJYJ,0,0,0.1267919093642583,0,0.013198173492684975,0,0.07,0,0.042427939709735685,0,0.0059955623
9339-FIIJL,0,0,0.057006874734922615,0,0.0,0,0.0,0,0.017259608909165575,0,0.00038341386
6223-DHJGV,0,0,0.07407469512772093,0,0.013198173492684975,0,0.02,0,0.042548092233774176,0,0.004184389
0959-WHOKV,0,0,0.4487763836736422,0,0.21969408788117387,0,0.4,0,0.29355526980762436,0,0.08453753
9610-WCESF,0,0,0.060490181648721233,0,0.0,0,0.17,0,0.056097054240941725,0,0.13104317
9279-CJEOJ,0,1,0.8242818436783248,1,0.620548520915427,1,0.775,1,0.5556962015366183,1,0.86255467
2985-FMWYF,0,1,0.8520899092537456,1,0.7523359432701114,1,0.74,1,0.7277298692181097,1,0.9598556
3540-RZJYU,1,1,0.634268670804535,1,0.7523359432701114,1,0.655,0,0.43146521478051264,1,0.6812162
2522-WLNSF,0,0,0.1619021749707902,0,0.013198173492684975,0,0.13,0,0.0669956091826906,0,0.0047759246
6861-XWTWQ,1,1,0.9231780642972327,1,0.8961053540356392,1,0.98,1,0.8787733681126095,1,0.9901197
8735-NBLWT,0,0,0.19960002421162348,0,0.38958713069890827,0,0.085,0,0.0869063986087285,0,0.024121042
1744-JHKYS,0,0,0.22469470930153335,0,0.18511302617198014,0,0.045,0,0.09344216731203085,0,0.029684762
0841-NULXI,1,1,0.8806833966603296,1,0.7608170990329183,1,0.995,1,0.789931098434053,1,0.9645789
4016-BJKTZ,0,0,0.328467884136248,1,0.58058633749474,0,0.305,0,0.24919872002123125,1,0.7322465
9298-WGMRW,0,0,0.1267915774546687,0,0.0,0,0.005,0,0.02923435985954039,0,0.0023288724
7893-IXHRQ,1,1,0.5106972327429012,1,0.6222308228686201,0,0.395,0,0.38367371930931254,0,0.3203576
8785-CJSHH,0,1,0.7237232656926011,1,0.5356541995599842,0,0.48,0,0.34595689049622297,0,0.32686257
7654-YWJUF,0,0,0.20376945214483674,0,0.013198173492684975,0,0.1,0,0.09469412773868327,0,0.09664181
8909-BOLNL,0,0,0.2481188672704197,0,0.10692085880259697,0,0.13333333333333333,0,0.05426639243213786,0,0.034783285
9919-FZDED,0,0,0.08787963183749119,0,0.0,0,0.03,0,0.019745735485225575,0,0.0011243921
0322-CHQRU,1,1,0.7038393750320247,1,0.7608170990329183,1,0.74,0,0.36943750864158553,1,0.70456904
3587-PMCOY,0,1,0.6989177685644649,0,0.21969408788117387,1,0.565,1,0.6235084916196698,1,0.78745
0655-RBDUG,1,1,0.8732515736137211,1,0.8961053540356392,1,0.935,1,0.8604311212590018,1,0.9696502
0983-TATYJ,0,0,0.149236292968451,0,0.013198173492684975,0,0.09,0,0.05650883949157516,0,0.01650566
5650-YLIBA,0,1,0.6848274351713657,1,0.7523359432701114,0,0.45,0,0.4555574779441594,1,0.56566185
5144-TVGLP,0,1,0.76824477815678,1,0.7523359432701114,1,0.54,1,0.5783715299906304,1,0.7712972
3569-EDBPQ,0,1,0.6083318238656734,1,0.7523359432701114,1,0.565,0,0.4136681031246417,1,0.6327005
4945-RVMTE,0,0,0.41409712438274676,0,0.18511302617198014,0,0.335,0,0.15741333409245223,0,0.13817637
3511-BFTJW,0,0,0.028269244221477075,0,0.0,0,0.025,0,0.01818705907564369,0,0.00041319142
5537-UXXVS,0,0,0.171353754407747,0,0.38958713069890827,0,0.225,0,0.04517149609820986,0,0.03798568
8782-NUUOL,0,0,0.09901921837098938,1,0.5093735898592937,0,0.16,0,0.07180674453830226,0,0.020972393
2865-TCHJW,1,1,0.9444570375267701,1,0.8961053540356392,1,0.9,1,0.8243817210191701,1,0.96580774
9931-KGHOA,0,0,0.19766633631629751,0,0.18511302617198014,0,0.08,0,0.09318884529112109,0,0.058556013
3071-MVJCD,0,0,0.023837870633440946,0,0.0,0,0.02,0,0.012637677272701847,0,0.0007648891
7279-BUYWN,1,1,0.7151897272436307,1,0.7523359432701114,0,0.44,0,0.3147567668632929,0,0.22077516
3756-VNWDH,0,1,0.5238789078791968,1,0.507957581876906,0,0.305,0,0.28238565375988933,0,0.49559286
1395-OFUWC,0,0,0.23935882596976568,0,0.36823024398923526,1,0.58,0,0.11772361695296733,0,0.39026076
4223-BKEOR,0,0,0.14646933546259186,0,0.1609897315078234,0,0.15,0,0.08579600196525146,0,0.024527838
0040-HALCW,0,0,0.01885368835092547,0,0.03470743119727614,0,0.015,0,0.01933456869339892,0,0.004269858
7124-UGSUR,1,1,0.5037673129259269,1,0.507957581876906,0,0.34,0,0.1982237669957595,0,0.13778384
7395-XWZOY,0,0,0.39405250773341666,1,0.5756590058215597,0,0.35,0,0.16437791168011315,0,0.14374137
5440-VHLUL,0,0,0.344154048408457,1,0.507957581876906,1,0.7,0,0.2540001714690789,1,0.56771225
4706-DGAHW,0,1,0.7405192366925307,1,0.7608170990329183,1,0.61,1,0.637459362633688,1,0.8086867
8166-ORCHU,0,0,0.3957777148507981,0,0.21969408788117387,0,0.27,0,0.17337871591386847,0,0.05779877
3978-YNKDD,0,0,0.03312984279785843,0,0.03470743119727614,0,0.015,0,0.018224415811118166,0,0.0017792323
7198-GLXTC,1,1,0.8886893345019449,1,0.7647086999958926,1,0.795,1,0.5385758803133106,1,0.7691615
6366-XIVKZ,0,0,0.3881748245505494,0,0.38958713069890827,0,0.275,0,0.16258780837515802,0,0.07164713
5133-POWUA,0,1,0.7028456320964231,1,0.7608170990329183,1,0.85,1,0.597085848949414,1,0.8444977
8400-WZICQ,0,0,0.15506860778185966,0,0.18511302617198014,0,0.145,0,0.0991937773225336,0,0.10930556
5382-SOYZL,0,1,0.8560237452876445,1,0.7523359432701114,1,0.76,1,0.6994964175092603,1,0.92553735
1989-PRJHP,1,1,0.7683678374216987,1,0.7523359432701114,0,0.39,0,0.4731946827467033,0,0.48871756
4154-AQUGT,1,1,0.6821176709396598,1,0.8961053540356392,1,0.545,0,0.42041812592602157,1,0.54588354
0980-FEXWF,0,0,0.1407105545529613,0,0.013198173492684975,0,0.085,0,0.045139132145828514,0,0.013323399
5845-BZZIB,0,0,0.023426596137495176,0,0.03470743119727614,0,0.005,0,0.016098906682463235,0,0.00073439156
4840-ORQXB,0,1,0.6964792015030434,1,0.5356541995599842,0,0.48,0,0.405241911266528,1,0.54653656
0295-PPHDO,1,1,0.9559930545148784,1,0.9506405885519463,1,0.965,1,0.9163703155115729,1,0.98494536
8775-ERLNB,0,1,0.911149688734839,1,0.9506405885519463,1,0.85,1,0.8100189523279607,1,0.77200735
0376-YMCJC,1,1,0.7559418566050248,1,0.7523359432701114,1,0.81,0,0.4827883266291212,1,0.8586949
7410-YTJIK,1,1,0.7116478894889765,1,0.7647086999958926,0,0.45,0,0.47459089289263934,0,0.36367282
9927-DSWDF,0,1,0.6699184755831533,1,0.7523359432701114,1,0.66,1,0.5022373417821211,0,0.46774396
6681-ZSEXG,0,0,0.06030592081634814,0,0.0,0,0.075,0,0.03026545544329962,0,0.018410616
5702-KVQRD,0,0,0.06894121976330382,0,0.0,0,0.05,0,0.02421233251302265,0,0.0025591115
8711-LOBKY,0,0,0.017005490848736315,0,0.03470743119727614,0,0.005,0,0.019012841417045356,0,0.009297659
9692-TUSXH,1,1,0.7602790543830997,1,0.7523359432701114,1,0.77,1,0.5992105567614587,1,0.90352285
4012-YCFAI,0,0,0.029958895661545876,0,0.0,0,0.0,0,0.019800213942860512,0,0.00027010654
8455-HIRAQ,0,0,0.4188922194974726,0,0.38958713069890827,0,0.395,0,0.2148529778564787,0,0.23606183
7853-WNZSY,0,1,0.5065612682539059,1,0.6222308228686201,0,0.215,0,0.27486423615288824,0,0.123327464
0390-DCFDQ,1,1,0.8749480027068116,1,0.9506405885519463,1,0.74,1,0.8246656940566435,1,0.95283586
6421-SZVEM,0,0,0.341839310611037,0,0.21969408788117387,0,0.24,0,0.16859266056958275,0,0.1391898
3094-JOJAI,0,1,0.6341170906153856,1,0.620548520915427,1,0.525,0,0.31890628339581706,0,0.26296237
4873-ILOLJ,1,1,0.8052169705799145,1,0.7523359432701114,1,0.64,0,0.4963919703784699,1,0.7604087
8181-YHCMF,0,0,0.05640577663423202,0,0.0,0,0.0,0,0.03161580319307914,0,0.0012233718
3324-OIRTO,0,0,0.22460399221596689,0,0.3027881159870882,0,0.16,0,0.08994365444171715,0,0.0063312766
9135-HSWOC,0,0,0.021223558966889704,0,0.03470743119727614,0,0.04,0,0.018821169607348597,0,0.0020480372
2272-WUSPA,0,0,0.22024221283762552,0,0.0,0,0.07,0,0.05740235744575351,0,0.0006213425
4627-MIHJH,0,0,0.1257170530585614,1,0.5805863374947398,0,0.205,0,0.07498377365286395,0,0.44806096
3896-RCYYE,0,0,0.37350801171098036,1,0.5756590058215597,0,0.175,0,0.15256672788639347,0,0.025920365
6729-GDNGC,0,1,0.6414291790967485,1,0.620548520915427,0,0.35,0,0.35964132190774867,0,0.23483925
9945-PSVIP,0,0,0.03982501184540401,0,0.03470743119727614,0,0.065,0,0.014462117145625102,0,0.00084782427
4137-JOPHL,0,0,0.1695250884593754,0,0.03470743119727614,0,0.195,0,0.052295913906182385,0,0.01100257
2720-FVBQP,0,1,0.7049732169487583,0,0.38958713069890827,1,0.575,0,0.3351882077909099,1,0.606659
7854-EKTJL,1,1,0.5314782558714697,0,0.2763432424763395,0,0.415,0,0.1983632797971225,0,0.28418666
1133-KXCGE,0,0,0.09188134848399926,0,0.10692085880259697,0,0.095,0,0.03665733163458632,0,0.05475913
6048-QBXKL,0,1,0.7568273861580278,1,0.5093735898592938,1,0.665,1,0.5436306695423235,1,0.8483621
6338-AVWCY,1,1,0.8284862959495882,1,0.7608170990329183,1,0.775,1,0.5346687857248532,1,0.9289978
0013-MHZWF,0,1,0.5231101728986345,0,0.38958713069890827,1,0.56,0,0.23013623336299713,0,0.3680824
9804-ICWBG,1,1,0.8959652944941613,1,0.9506405885519463,1,1.0,1,0.8330874452696458,1,0.9655367
2368-GAKKQ,0,0,0.12915342440269686,0,0.07330334372343442,0,0.085,0,0.06138563747686786,0,0.078021154
4829-AUOAX,1,1,0.6070992090855594,1,0.620548520915427,0,0.395,0,0.37403763330768114,1,0.5779303
7876-BEUTG,0,1,0.5038116094207284,0,0.38958713069890827,0,0.265,0,0.24258416575209948,0,0.45006672
6349-JDHQP,0,0,0.02228941598415117,0,0.03470743119727614,0,0.045,0,0.01989352076146844,0,0.015052148
3063-QFSZL,1,1,0.8209090235983646,1,0.5093735898592938,1,0.52,1,0.6913503723476117,1,0.84177536
9142-XMYJH,0,0,0.13631271484030014,0,0.18511302617198014,0,0.1,0,0.0695540020899102,0,0.044902362
2609-IAICY,1,1,0.9180699275671822,1,0.9506405885519463,1,0.945,1,0.8724397546327377,1,0.9944614
8626-PTQGE,0,0,0.06552994521264499,0,0.0,0,0.03,0,0.03264341188621614,0,0.0068884436
0230-UBYPQ,0,0,0.09262894069661527,0,0.013198173492684975,0,0.12,0,0.053168137862990815,0,0.0014380608
6814-ZPWFQ,0,0,0.08542525495244697,0,0.013198173492684975,0,0.09,0,0.04807696503638825,0,0.016365655
5921-NGYRH,0,0,0.35519650326846697,0,0.38265023112480734,0,0.16,0,0.14218535230074716,0,0.10034003
7803-XOCCZ,0,0,0.2934338259094066,0,0.38265023112480734,0,0.14,0,0.15754748263052254,0,0.21537353
1459-QNFQT,0,0,0.04532151226760333,0,0.03470743119727614,0,0.0,0,0.03059417959532608,0,0.0070102713
3948-FVVRP,0,0,0.2810202317210157,0,0.38958713069890827,0,0.255,0,0.19394579136336698,0,0.24975526
0923-PNFUB,1,1,0.868965684138196,1,0.8961053540356392,1,0.775,1,0.5204942991613087,1,0.64019716
4654-ULTTN,0,0,0.05208377251774909,0,0.03470743119727614,0,0.05,0,0.026202286192586875,0,0.07117812
5628-FCGYG,0,1,0.8195346877923861,1,0.7523359432701114,1,0.78,1,0.6430745730902657,1,0.86038446
0506-LVNGN,1,1,0.8597504991378139,1,0.7647086999958926,1,0.675,1,0.6357672181272177,1,0.5947484
4329-YPDDQ,0,1,0.589647610218363,1,0.620548520915427,1,0.625,0,0.39824127527271713,0,0.39251584
9866-OCCKE,0,0,0.16687344978865296,0,0.0,0,0.065,0,0.052744584888639874,0,0.0006780603
0794-YVSGE,0,0,0.012583212964019463,0,0.03470743119727614,0,0.0,0,0.010684805838091008,0,0.0003080607
4342-HENTK,1,1,0.9047681192865464,1,0.7647086999958926,1,0.9,1,0.6741271454415294,1,0.6453644
5934-TSSAU,0,1,0.5625702551220569,1,0.620548520915427,0,0.48,0,0.2856742677392731,0,0.3471049
9986-BONCE,1,0,0.3919799627869384,0,0.2763432424763395,0,0.30625,0,0.10315413193996843,0,0.2781626
5301-GAUUY,1,1,0.5930325276837665,1,0.620548520915427,1,0.565,0,0.34047767796969675,1,0.50234777
0725-CXOTM,0,0,0.21480983483699823,0,0.21969408788117387,0,0.14,0,0.08490233928948444,0,0.004095434
2843-CQMEG,0,0,0.3502835130279032,0,0.18511302617198014,0,0.175,0,0.13756383274635903,0,0.22641769
5600-PDUJF,0,1,0.6161208815576457,0,0.38958713069890827,0,0.425,0,0.2317023133922326,0,0.17029685
4500-HKANN,0,0,0.06369107234277546,0,0.0,0,0.055,0,0.02425452135475959,0,0.004623106
1862-QRWPE,0,0,0.01690816823514517,0,0.03470743119727614,0,0.005,0,0.018591964528264445,0,0.0013046011
2155-AMQRX,0,0,0.3501484304296843,0,0.18511302617198014,0,0.18,0,0.12767013783991893,0,0.2722103
0823-HSCDJ,1,1,0.6254860815367911,1,0.5756590058215597,0,0.47,0,0.30780096861919903,1,0.60132253
4090-KPJIP,0,1,0.9158000772392005,1,0.7647086999958926,1,0.96,1,0.7290515457129131,1,0.88711405
2737-YNGYW,1,1,0.8892540135347197,1,0.8961053540356392,1,0.925,1,0.6536048260895313,1,0.8482772
5619-XZZKR,0,0,0.24641860763539056,0,0.10692085880259697,0,0.015,0,0.0486540339335622,0,0.0015232539
6047-YHPVI,1,1,0.8866401819277646,1,0.7647086999958926,1,0.85,1,0.6565876331934852,1,0.7335965
8375-DKEBR,1,1,0.9074398016502369,1,0.9506405885519463,1,1.0,1,0.8532669105721683,1,0.97544813
7729-XBTWX,0,0,0.02052528865862511,0,0.03470743119727614,0,0.04,0,0.02200110142337214,0,0.0008297797
4983-CLMLV,0,1,0.6208461482922651,0,0.38265023112480734,0,0.42,0,0.2987991860196998,1,0.54392713
9227-LUNBG,1,1,0.7875544092386804,1,0.7608170990329183,0,0.35,1,0.6126770341706247,1,0.554437
2758-RNWXS,0,0,0.3719878192581628,0,0.21969408788117387,0,0.295,0,0.17016616532918752,0,0.035559908
7055-HNEOJ,0,1,0.6377403863636874,1,0.5093735898592938,0,0.44,0,0.40629696349103717,0,0.46973255
7134-MJPDY,0,0,0.4332480362051498,1,0.507957581876906,1,0.65,0,0.2904347741289659,0,0.4586406
4560-WQAQW,0,0,0.0987338968411741,0,0.1609897315078234,0,0.025,0,0.06905836073995954,0,0.00851687
8532-UEFWH,0,0,0.02675960998441178,0,0.03470743119727614,0,0.005,0,0.019193092342378548,0,0.0056045144
8541-QVFKM,0,1,0.8366143102433145,1,0.7647086999958926,1,0.87,1,0.7105062245126662,1,0.8576479
7129-ACFOG,0,1,0.7487797532022392,1,0.7608170990329183,0,0.345,0,0.4083150461172019,1,0.5714407
2495-INZWQ,1,1,0.9033210984397032,1,0.7608170990329183,1,0.755,1,0.6440450627439449,1,0.91285956
0263-FJTQO,0,0,0.06222437815151821,0,0.03470743119727614,0,0.1,0,0.022583825954688115,0,0.013962629
0181-RITDD,0,0,0.07462326838454363,1,0.58058633749474,0,0.195,0,0.0553585381735761,0,0.054969203
8241-JUIQO,0,0,0.04349142972294385,0,0.013198173492684975,0,0.12,0,0.03006196831103543,0,0.0028602022
0913-XWSCN,0,1,0.5014580405453806,0,0.38265023112480734,0,0.325,0,0.2478511450387327,1,0.70661575
2159-TURXX,0,0,0.39813995723604184,0,0.2763432424763395,0,0.145,0,0.11369150876726249,0,0.046338055
6461-PPAXN,0,0,0.08652657144311574,0,0.013198173492684975,0,0.08,0,0.04484070466642015,0,0.012141558
1452-KIOVK,0,1,0.6767614127510146,1,0.620548520915427,1,0.61,0,0.4347479036865429,1,0.61279404
1139-WUOAH,0,0,0.09941891041907433,0,0.03470743119727614,0,0.04,0,0.035709438258631966,0,0.01675907
3207-OYBWH,1,1,0.6336568892560667,0,0.38265023112480734,0,0.26,0,0.29333789508106856,1,0.52373475
8347-GDTMP,0,0,0.018303893049259716,0,0.03470743119727614,0,0.0,0,0.018206639379661372,0,0.000815495
9909-DFRJA,0,0,0.32082409592022554,0,0.21969408788117387,0,0.3,0,0.17103777143339727,0,0.08082282
6383-ZTSIW,0,0,0.3271191191765886,0,0.1609897315078234,0,0.355,0,0.23183201780444804,0,0.3822408
5438-QMDDL,0,0,0.45493117602079464,0,0.38958713069890827,0,0.3,0,0.18463782602467102,0,0.3914472
8914-RBTSB,1,1,0.6885443796619085,1,0.7523359432701114,0,0.405,0,0.3484088556411142,0,0.10241338
6164-HXUGH,0,0,0.34560048299522605,0,0.38958713069890827,0,0.29,0,0.09594213133968929,0,0.3310706
6900-RBKER,0,0,0.2732143182098526,0,0.03470743119727614,0,0.21,0,0.08412637589079071,0,0.025468467
1492-QGCLU,0,0,0.3033739333585232,0,0.18511302617198014,0,0.225,0,0.1192482813758495,0,0.07129016
6664-FPDAC,1,1,0.5357293983061404,1,0.507957581876906,0,0.365,0,0.2317715069133917,0,0.080910966
1088-AUUZZ,0,0,0.049010725811709864,0,0.0,0,0.05,0,0.022671894995101142,0,0.006374685
6651-AZVTJ,1,1,0.7636858840778382,1,0.7523359432701114,1,0.69,0,0.4671003231844538,1,0.87057173
8219-VYBVI,0,0,0.028204323673868614,0,0.03470743119727614,0,0.01,0,0.019193092342378548,0,0.0022200202
0310-MVLET,1,1,0.6749234150339394,1,0.5356541995599842,0,0.285,0,0.33555247896580637,1,0.5059047
7233-IOQNP,0,0,0.1848969920552766,1,0.5756590058215597,0,0.435,0,0.10676244360001871,0,0.16917199
7311-MQJCH,0,0,0.3114284185225673,0,0.0,0,0.27375,0,0.07854238180615553,0,0.015972352
9256-JTBNZ,0,0,0.22167037964591116,0,0.38958713069890827,0,0.2,0,0.07987545625878423,0,0.109716
8713-IGZSO,0,0,0.49555727374860814,0,0.2763432424763395,0,0.165,0,0.15996626762936225,0,0.15191059
6821-BUXUX,1,1,0.7524470707290363,1,0.8961053540356392,1,0.885,1,0.663315406329731,1,0.93670183
9114-DPSIA,0,0,0.024975442153928086,0,0.0,0,0.0,0,0.013352575081941874,0,0.0005690432
4501-UYKBC,0,0,0.22303454741445994,0,0.4547152399367194,0,0.16,0,0.09913289121190715,0,0.10464403
2798-NYLMZ,0,0,0.1535694505625437,1,0.58058633749474,1,0.545,0,0.10083416138224374,1,0.8844921
6711-VTNRE,1,1,0.626900838821106,1,0.7523359432701114,0,0.36,0,0.31833046938505327,0,0.2497233
5966-EMAZU,0,0,0.3365672800093069,1,0.507957581876906,0,0.2,0,0.19271780817936374,0,0.10444311
3627-FHKBK,1,1,0.7397271622092798,1,0.9506405885519463,1,0.6274166666666666,1,0.6248084920260948,0,0.24643263
7861-UVUFT,1,1,0.790103197766617,1,0.7523359432701114,1,0.695,1,0.6128049098389539,1,0.6594065
9824-QCJPK,0,0,0.065060433598457,0,0.013198173492684975,0,0.01,0,0.030442567432999168,0,0.00019471101
7816-VGHTO,0,0,0.20021242658758542,0,0.0,0,0.22,0,0.06931153489722838,0,0.009369504
3794-NFNCH,0,0,0.3525055400474648,0,0.18511302617198014,0,0.095,0,0.1204354026028819,0,0.11294559
3877-JRJIP,1,1,0.8641723261335427,1,0.5093735898592938,0,0.43,1,0.6995382864574496,1,0.8022786
5228-EXCET,1,1,0.795117505857699,1,0.7647086999958926,0,0.435,1,0.5883839793931084,0,0.40849593
6248-BSHKG,0,0,0.03781095077162425,0,0.013198173492684975,0,0.045,0,0.030290851116249465,0,0.00050526916
8915-NNTRC,0,0,0.110988625281698,0,0.0,0,0.06,0,0.038869318142834695,0,0.009688243
3470-OBUET,0,0,0.026639377498113126,0,0.0,0,0.05,0,0.022297419267198405,0,0.019994816
3229-USWAR,0,0,0.17685944552530072,0,0.21969408788117387,0,0.175,0,0.07474676444125862,0,0.021698724
1927-QEWMY,0,0,0.015227893041810507,0,0.03470743119727614,0,0.0,0,0.01006090624876022,0,7.189831e-05
6374-AFWOX,0,0,0.024067348825256494,0,0.0,0,0.02,0,0.023553887671822676,0,0.0017949415
7912-SYRQT,1,1,0.7786804754378787,1,0.7647086999958926,1,0.64,1,0.591610652285711,1,0.78416336
2070-FNEXE,1,1,0.5920016964574747,1,0.7647086999958926,0,0.44,0,0.3956590169066313,0,0.399951
5803-NQJZO,0,0,0.03222642101877229,0,0.0,0,0.005,0,0.012981008665535242,0,0.00012651752
5651-YLPRD,0,1,0.6268748990763788,1,0.7523359432701114,0,0.5,0,0.3988264830418697,1,0.58123684
1271-UODNO,0,0,0.08219787237681689,0,0.03470743119727614,0,0.185,0,0.03453454577133323,0,0.075686224
5014-WUQMG,0,0,0.3022798512889935,0,0.21969408788117387,0,0.285,0,0.15477482407341084,0,0.108348444
5889-JTMUL,1,1,0.7374918493634945,1,0.7523359432701114,1,0.53,0,0.4159238038089001,0,0.4481258
0788-DXBFY,0,0,0.07973671482686075,0,0.2435278889150389,0,0.17,0,0.05896668560591738,0,0.30434248
2669-QVCRG,0,0,0.48110416984999094,1,0.620548520915427,0,0.5,0,0.25175883564643153,1,0.70036507
6630-UJZMY,0,1,0.9463894449917085,1,0.7647086999958926,1,0.895,1,0.7727303189860824,1,0.9576946
5061-PBXFW,0,0,0.1119466847536608,0,0.18511302617198014,0,0.1,0,0.08240805289326285,0,0.05306228
2700-LUEVA,0,0,0.4183942334780914,1,0.6222308228686201,0,0.15,0,0.2410732776790549,0,0.111763895
3865-ZFZIB,0,0,0.04097336032902111,0,0.03470743119727614,0,0.01,0,0.017220790107422206,0,0.0028299396
0471-ARVMX,0,1,0.5346655781876775,1,0.507957581876906,0,0.33,0,0.2048249016045253,0,0.31359792
8985-OOPOS,0,1,0.5255570017349526,0,0.1609897315078234,0,0.46,0,0.15105829625717243,0,0.04953377
0719-SYFRB,1,0,0.40720171334355637,0,0.38958713069890827,0,0.215,0,0.1702414840807597,0,0.13130155
0447-BEMNG,1,0,0.3441869950933839,1,0.5756590058215597,0,0.25,0,0.1671266848431608,0,0.07389382
5630-AHZIL,0,1,0.5582470579877925,1,0.5093735898592938,0,0.355,0,0.2645758891169545,0,0.2763217
2190-BCXEC,0,1,0.5198360021638012,1,0.620548520915427,1,0.695,0,0.2951116770303501,1,0.59178436
1559-DTODC,0,1,0.5163197522524903,1,0.5756590058215597,0,0.19,0,0.21068964710812363,0,0.47821596
3244-DCJWY,1,1,0.8926572252002895,1,0.9506405885519463,0,0.425,1,0.8261948907799352,1,0.91994584
3967-VQOGC,0,0,0.026461037900782372,0,0.03470743119727614,0,0.005,0,0.022527107213912368,0,0.0002144207
0265-PSUAE,0,1,0.5741374495454489,1,0.620548520915427,1,0.57,0,0.4111806489535069,1,0.73393124
1622-HSHSF,0,0,0.4992109825889887,1,0.6222308228686201,0,0.3675,0,0.37743048641026367,0,0.48773983
9867-XOBQA,0,0,0.06756833682493467,0,0.0,0,0.065,0,0.03445621312516615,0,0.0028834394
6773-LQTVT,0,0,0.4070726800083733,0,0.36823024398923526,0,0.365,0,0.21381133488900064,0,0.17966752
4332-MUOEZ,0,0,0.2919323528895416,0,0.1609897315078234,0,0.325,0,0.23279709896305356,0,0.2384037
0023-XUOPT,1,1,0.7675400202301293,1,0.8961053540356392,1,0.64,1,0.5887378687667293,1,0.82719594
6543-CPZMK,1,1,0.626330695279465,0,0.36823024398923526,0,0.49,0,0.34089890193513767,1,0.71247685
6418-HNFED,0,0,0.06700688098019933,0,0.0,0,0.01,0,0.02436099884198233,0,0.00051082484
1036-GUDCL,0,0,0.1877038611058792,0,0.18511302617198014,0,0.17,0,0.07450895950808469,0,0.00395536
4818-QIUFN,1,1,0.7275950918268927,1,0.7523359432701114,1,0.665,1,0.5340881525564735,1,0.66447216
0778-NELLA,1,1,0.6816046452226958,1,0.5756590058215597,0,0.465,0,0.40548527276320157,1,0.61353797
7495-OOKFY,1,1,0.7840237632188681,1,0.7647086999958926,1,0.87,1,0.6267076857479875,1,0.88711876
4737-HOBAX,0,0,0.08006035683230267,0,0.03470743119727614,0,0.03,0,0.02641238303382685,0,0.002018132
7919-ZODZZ,0,0,0.3191316849563222,0,0.4547152399367194,0,0.22,0,0.19093992272811597,0,0.34617597
2988-PLAHS,0,1,0.7433259733193955,0,0.4547152399367194,1,0.695,0,0.4437087014437093,0,0.30618393
9067-SQTNS,0,0,0.04427924328384732,0,0.013198173492684975,0,0.0,0,0.03410693913019121,0,0.0025569154
6483-OATDN,0,0,0.37717894305340127,0,0.38958713069890827,0,0.31,0,0.21317604221988845,0,0.17322762
5469-CTCWN,1,0,0.41706354467041196,0,0.3027881159870882,0,0.235,0,0.18885731517986326,0,0.14466482
3524-WQDSG,0,1,0.6671074536683222,1,0.620548520915427,1,0.53,0,0.4544527965761163,0,0.4549745
6968-URWQU,0,0,0.20622217105268442,0,0.013198173492684975,0,0.25,0,0.08026176763766663,0,0.022761488
8601-QACRS,1,1,0.7421582844401803,1,0.7608170990329183,1,0.815,0,0.4085088551591834,1,0.6899057
8690-UPCZI,0,0,0.1278195179291919,0,0.013198173492684975,0,0.035,0,0.04268920306127773,0,0.006519793
5331-RGMTT,0,1,0.7448750913357819,0,0.38265023112480734,1,0.64,0,0.45547097298431766,1,0.81122917
1357-BIJKI,0,1,0.623667094903457,0,0.4547152399367194,1,0.58,0,0.33079094791738434,0,0.4185579
2088-IEBAU,0,0,0.08398039455866957,0,0.0,0,0.015,0,0.03865910435663538,0,0.0037834533
0679-IDSTG,1,1,0.8919797528151417,1,0.9506405885519463,1,0.935,1,0.8447069546142328,1,0.98088205
6519-ZHPXP,0,0,0.07996664809932452,0,0.0,0,0.08,0,0.04633228232864905,0,0.012466384
2101-RANCD,0,1,0.6413516939726309,1,0.7523359432701114,0,0.455,0,0.3759650017240103,0,0.23404993
4029-HPFVY,0,1,0.8506314912782159,1,0.7647086999958926,1,0.56,1,0.5964665639538895,1,0.5101825
1015-OWJKI,0,0,0.4223970359028643,1,0.6222308228686201,0,0.07133333333333333,0,0.14437067357711456,0,0.10328671
8314-HTWVE,0,0,0.05089888788257981,0,0.03470743119727614,0,0.02,0,0.024283373734668774,0,0.0021445102
5357-TZHPP,1,1,0.8493898674577306,1,0.8961053540356392,1,0.765,1,0.6589213291303765,1,0.74826443
8727-XDPUD,0,0,0.11708477348706567,0,0.03470743119727614,0,0.225,0,0.050626753422419214,0,0.070324846
9073-ZZIAY,0,0,0.04330276786289703,0,0.0,0,0.015,0,0.024515650992969953,0,0.0013198521
5181-OABFK,0,0,0.03419279040788137,0,0.0,0,0.025,0,0.025452749394284005,0,0.016113326
3812-LRZIR,0,0,0.052913538478926284,0,0.0,0,0.16,0,0.02947816867847534,0,0.10762453
5204-HMGYF,0,0,0.11968095808202354,0,0.21969408788117387,0,0.11,0,0.06849394378297399,0,0.037985846
9950-MTGYX,0,0,0.037959870028781165,0,0.03470743119727614,0,0.01,0,0.019309543148163046,0,0.00061083824
3675-EQOZA,0,0,0.39409213128005055,0,0.2763432424763395,0,0.115,0,0.089621081572066,0,0.061248764
3646-ITDGM,0,0,0.02068200695231719,0,0.03470743119727614,0,0.085,0,0.017327146920403113,0,0.11464932
3913-FCUUW,0,0,0.024820847394743033,0,0.0,0,0.015,0,0.011440619477321544,0,0.003396795
